PROV1;Rice Beach;Rice Beach;Rice Beach;;;;;;;;;x
PROV2;Mount Teapot;Mount Teapot;Mount Teapot;;;;;;;;;x
PROV3;Sherbet Land;Sherbet Land;Sherbet Land;;;;;;;;;x
PROV4;Stove Canyon;Stove Canyon;Stove Canyon;;;;;;;;;x
PROV5;Teacup Cove;Teacup Cove;Teacup Cove;;;;;;;;;x
PROV6;Parsley Forest;Parsley Forest;Parsley Forest;;;;;;;;;x
PROV7;Syrup Castle;Syrup Castle;Syrup Castle;;;;;;;;;x
PROV8;Mario's Castle;Mario's Castle;Mario's Castle;;;;;;;;;x
PROV9;Toad House;Toad House;Toad House;;;;;;;;;x
PROV10;Mario Zone;Mario Zone;Mario Zone;;;;;;;;;x
PROV11;Pumpkin Zone;Pumpkin Zone;Pumpkin Zone;;;;;;;;;x
PROV12;Turtle Zone;Turtle Zone;Turtle Zone;;;;;;;;;x
PROV13;Macro Zone;Macro Zone;Macro Zone;;;;;;;;;x
PROV14;Hippo Zone;Hippo Zone;Hippo Zone;;;;;;;;;x
PROV15;Tree Zone;Tree Zone;Tree Zone;;;;;;;;;x
PROV16;Yoshi's Island World 1;Yoshi's Island World 1;Yoshi's Island World 1;;;;;;;;;x
PROV17;Yoshi's Island World 2;Yoshi's Island World 2;Yoshi's Island World 2;;;;;;;;;x
PROV18;Yoshi's Island World 3;Yoshi's Island World 3;Yoshi's Island World 3;;;;;;;;;x
PROV19;Yoshi's Island World 4;Yoshi's Island World 4;Yoshi's Island World 4;;;;;;;;;x
PROV20;Yoshi's Island World 5;Yoshi's Island World 5;Yoshi's Island World 5;;;;;;;;;x
PROV21;Donut Plains;Donut Plains;Donut Plains;;;;;;;;;x
PROV22;Vanilla Dome;Vanilla Dome;Vanilla Dome;;;;;;;;;x
PROV23;Twin Bridges;Twin Bridges;Twin Bridges;;;;;;;;;x
PROV24;Forest of Illusion;Forest of Illusion;Forest of Illusion;;;;;;;;;x
PROV25;Chocolate Island;Chocolate Island;Chocolate Island;;;;;;;;;x
PROV26;Bowser's Reef;Bowser's Reef;Bowser's Reef;;;;;;;;;x
PROV27;Beanbean Castle;Beanbean Castle;Beanbean Castle;;;;;;;;;x
PROV28;Beanbean Airport;Beanbean Airport;Beanbean Airport;;;;;;;;;x
PROV29;Beanbean Swamp;Beanbean Swamp;Beanbean Swamp;;;;;;;;;x
PROV30;Stardust Fields;Stardust Fields;Stardust Fields;;;;;;;;;x
PROV31;Hoohoo Village;Hoohoo Village;Hoohoo Village;;;;;;;;;x
PROV32;Hoohoo Mountain;Hoohoo Mountain;Hoohoo Mountain;;;;;;;;;x
PROV33;Chateau de Chucklehuck;Chateau de Chucklehuck;Chateau de Chucklehuck;;;;;;;;;x
PROV34;Chucklehuck Woods;Chucklehuck Woods;Chucklehuck Woods;;;;;;;;;x
PROV35;Woohoo University;Woohoo University;Woohoo University;;;;;;;;;x
PROV36;Oho Oasis;Oho Oasis;Oho Oasis;;;;;;;;;x
PROV37;Teehee Valley;Teehee Valley;Teehee Valley;;;;;;;;;x
PROV38;Little Fungitown;Little Fungitown;Little Fungitown;;;;;;;;;x
PROV39;Guffawha Ruins;Guffawha Ruins;Guffawha Ruins;;;;;;;;;x
PROV40;Gwarhar Lagoon;Gwarhar Lagoon;Gwarhar Lagoon;;;;;;;;;x
PROV41;Yoshi Theatre;Yoshi Theatre;Yoshi Theatre;;;;;;;;;x
PROV42;Joke's End;Joke's End;Joke's End;;;;;;;;;x
PROV43;Beanbean Meadows;Beanbean Meadows;Beanbean Meadows;;;;;;;;;x
PROV44;Delfino Airstrip;Delfino Airstrip;Delfino Airstrip;;;;;;;;;x
PROV45;Delfino Plaza;Delfino Plaza;Delfino Plaza;;;;;;;;;x
PROV46;Bianco Hills;Bianco Hills;Bianco Hills;;;;;;;;;x
PROV47;Ricco Harbor;Ricco Harbor;Ricco Harbor;;;;;;;;;x
PROV48;Gelato Beach;Gelato Beach;Gelato Beach;;;;;;;;;x
PROV49;Pinna Island;Pinna Island;Pinna Island;;;;;;;;;x
PROV50;Sirena Beach;Sirena Beach;Sirena Beach;;;;;;;;;x
PROV51;Noki Bay;Noki Bay;Noki Bay;;;;;;;;;x
PROV52;Pianta Village;Pianta Village;Pianta Village;;;;;;;;;x
PROV53;Corona Mountain;Corona Mountain;Corona Mountain;;;;;;;;;x
PROV54;Peach Beach;Peach Beach;Peach Beach;;;;;;;;;x
PROV55;Big Fish Island;Big Fish Island;Big Fish Island;;;;;;;;;x
PROV56;Little Fish Island;Little Fish Island;Little Fish Island;;;;;;;;;x
PROV57;Pectoral Fin Peninsula;Pectoral Fin Peninsula;Pectoral Fin Peninsula;;;;;;;;;x
PROV58;Dorsal Fin Bay;Dorsal Fin Bay;Dorsal Fin Bay;;;;;;;;;x
PROV59;Angelo Harbor;Angelo Harbor;Angelo Harbor;;;;;;;;;x
PROV60;Angelo Hills;Angelo Hills;Angelo Hills;;;;;;;;;x
PROV61;Tailfin Bay;Tailfin Bay;Tailfin Bay;;;;;;;;;x
PROV62;Grande Artiglio Island;Grande Artiglio Island;Grande Artiglio Island;;;;;;;;;x
PROV63;Piccolo Artiglio Island;Piccolo Artiglio Island;Piccolo Artiglio Island;;;;;;;;;x
PROV64;Bocca Beach;Bocca Beach;Bocca Beach;;;;;;;;;x
PROV65;Fianco Harbor;Fianco Harbor;Fianco Harbor;;;;;;;;;x
PROV66;Corrazza Mountains;Corrazza Mountains;Corrazza Mountains;;;;;;;;;x
PROV67;Gamba Sinistra Islands;Gamba Sinistra Islands;Gamba Sinistra Islands;;;;;;;;;x
PROV68;Gamba Destra Islands;Gamba Destra Islands;Gamba Destra Islands;;;;;;;;;x
PROV69;Granchio Airport;Granchio Airport;Granchio Airport;;;;;;;;;x
PROV70;Booty Boardwalk;Booty Boardwalk;Booty Boardwalk;;;;;;;;;x
PROV71;Minnow Island;Minnow Island;Minnow Island;;;;;;;;;x
PROV72;Isle Tartaruga;Isle Tartaruga;Isle Tartaruga;;;;;;;;;x
PROV73;Isle Cuore;Isle Cuore;Isle Cuore;;;;;;;;;x
PROV74;Isle Zuccone;Isle Zuccone;Isle Zuccone;;;;;;;;;x
PROV75;Isle Liuto;Isle Liuto;Isle Liuto;;;;;;;;;x
PROV76;Isle Embricata;Isle Embricata;Isle Embricata;;;;;;;;;x
PROV77;Isle Schiena Piatta;Isle Schiena Piatta;Isle Schiena Piatta;;;;;;;;;x
PROV78;Koopa Kabana;Koopa Kabana;Koopa Kabana;;;;;;;;;x
PROV79;Jalapeno Beach;Jalapeno Beach;Jalapeno Beach;;;;;;;;;x
PROV80;Habanero Harbor;Habanero Harbor;Habanero Harbor;;;;;;;;;x
PROV81;Cayenne Cove;Cayenne Cove;Cayenne Cove;;;;;;;;;x
PROV82;Banana Bay;Banana Bay;Banana Bay;;;;;;;;;x
PROV83;Serrano Sound;Serrano Sound;Serrano Sound;;;;;;;;;x
PROV84;Bell Highlands;Bell Highlands;Bell Highlands;;;;;;;;;x
PROV85;Blood Orange Bay;Blood Orange Bay;Blood Orange Bay;;;;;;;;;x
PROV86;Sweet Orange Island;Sweet Orange Island;Sweet Orange Island;;;;;;;;;x
PROV87;Grapefruit Harbor;Grapefruit Harbor;Grapefruit Harbor;;;;;;;;;x
PROV88;Lemon Anchorage;Lemon Anchorage;Lemon Anchorage;;;;;;;;;x
PROV89;Lime Lagoon;Lime Lagoon;Lime Lagoon;;;;;;;;;x
PROV90;Tangerine Beach;Tangerine Beach;Tangerine Beach;;;;;;;;;x
PROV91;Lavalava Beach;Lavalava Beach;Lavalava Beach;;;;;;;;;x
PROV92;Yoshi's Village;Yoshi's Village;Yoshi's Village;;;;;;;;;x
PROV93;Mt. Lavalava;Mt. Lavalava;Mt. Lavalava;;;;;;;;;x
PROV94;North Jade Jungle;North Jade Jungle;North Jade Jungle;;;;;;;;;x
PROV95;South Jade Jungle;South Jade Jungle;South Jade Jungle;;;;;;;;;x
PROV96;Toad Town;Toad Town;Toad Town;;;;;;;;;x
PROV97;Peach's Castle;Peach's Castle;Peach's Castle;;;;;;;;;x
PROV98;West Goomba Road;West Goomba Road;West Goomba Road;;;;;;;;;x
PROV99;East Goomba Road;East Goomba Road;East Goomba Road;;;;;;;;;x
PROV100;Goomba Fortress;Goomba Fortress;Goomba Fortress;;;;;;;;;x
PROV101;Goomba Village;Goomba Village;Goomba Village;;;;;;;;;x
PROV102;Miracle Landing;Miracle Landing;Miracle Landing;;;;;;;;;x
PROV103;Koopa Village;Koopa Village;Koopa Village;;;;;;;;;x
PROV104;Pleasant Path;Pleasant Path;Pleasant Path;;;;;;;;;x
PROV105;Koopa Bros. Fortress;Koopa Bros. Fortress;Koopa Bros. Fortress;;;;;;;;;x
PROV106;East Forever Forest;East Forever Forest;East Forever Forest;;;;;;;;;x
PROV107;South Forever Forest;South Forever Forest;South Forever Forest;;;;;;;;;x
PROV108;Mario's House;Mario's House;Mario's House;;;;;;;;;x
PROV109;Toad Cliffs;Toad Cliffs;Toad Cliffs;;;;;;;;;x
PROV110;Flower Fields;Flower Fields;Flower Fields;;;;;;;;;x
PROV111;Shooting Star Summit;Shooting Star Summit;Shooting Star Summit;;;;;;;;;x
PROV112;Star Road;Star Road;Star Road;;;;;;;;;x
PROV113;Star Haven;Star Haven;Star Haven;;;;;;;;;x
PROV114;Star Way;Star Way;Star Way;;;;;;;;;x
PROV115;Shiver City;Shiver City;Shiver City;;;;;;;;;x
PROV116;Shiver Mountain;Shiver Mountain;Shiver Mountain;;;;;;;;;x
PROV117;Shiver Snowfield;Shiver Snowfield;Shiver Snowfield;;;;;;;;;x
PROV118;Starborn Valley;Starborn Valley;Starborn Valley;;;;;;;;;x
PROV119;Crystal Palace;Crystal Palace;Crystal Palace;;;;;;;;;x
PROV120;Hollijolli Village;Hollijolli Village;Hollijolli Village;;;;;;;;;x
PROV121;Season's Greens;Season's Greens;Season's Greens;;;;;;;;;x
PROV122;Hollijolli Mushroom Patch;Hollijolli Mushroom Patch;Hollijolli Mushroom Patch;;;;;;;;;x
PROV123;Luigi's Mansion;Luigi's Mansion;Luigi's Mansion;;;;;;;;;x
PROV124;Luigi's New Mansion;Luigi's New Mansion;Luigi's New Mansion;;;;;;;;;x
PROV125;Gloomy Manor;Gloomy Manor;Gloomy Manor;;;;;;;;;x
PROV126;Haunted Towers;Haunted Towers;Haunted Towers;;;;;;;;;x
PROV127;Secret Mine;Secret Mine;Secret Mine;;;;;;;;;x
PROV128;Old Clockworks;Old Clockworks;Old Clockworks;;;;;;;;;x
PROV129;Treacherous Mansion;Treacherous Mansion;Treacherous Mansion;;;;;;;;;x
PROV130;Acorn Plains;Acorn Plains;Acorn Plains;;;;;;;;;x
PROV131;Layer Cake Desert;Layer Cake Desert;Layer Cake Desert;;;;;;;;;x
PROV132;Sparkling Waters;Sparkling Waters;Sparkling Waters;;;;;;;;;x
PROV133;Frosted Glacier;Frosted Glacier;Frosted Glacier;;;;;;;;;x
PROV134;Soda Jungle;Soda Jungle;Soda Jungle;;;;;;;;;x
PROV135;Rock Candy Mines;Rock Candy Mines;Rock Candy Mines;;;;;;;;;x
PROV136;Secret Island;Secret Island;Secret Island;;;;;;;;;x
PROV137;Shivering Mountains;Shivering Mountains;Shivering Mountains;;;;;;;;;x
PROV138;Chilly Mountain;Chilly Mountain;Chilly Mountain;;;;;;;;;x
PROV139;Chilly Waters;Chilly Waters;Chilly Waters;;;;;;;;;x
PROV140;Creepy Cavern;Creepy Cavern;Creepy Cavern;;;;;;;;;x
PROV141;Dark Path;Dark Path;Dark Path;;;;;;;;;x
PROV142;Horror Land;Horror Land;Horror Land;;;;;;;;;x
PROV143;Haunted Hideaway;Haunted Hideaway;Haunted Hideaway;;;;;;;;;x
PROV144;Tycoon Town;Tycoon Town;Tycoon Town;;;;;;;;;x
PROV145;Rainbow Castle;Rainbow Castle;Rainbow Castle;;;;;;;;;x
PROV146;Meadow Road;Meadow Road;Meadow Road;;;;;;;;;x
PROV147;Mini-Game House;Mini-Game House;Mini-Game House;;;;;;;;;x
PROV148;Mushroom Village;Mushroom Village;Mushroom Village;;;;;;;;;x
PROV149;Mini-Game Island;Mini-Game Island;Mini-Game Island;;;;;;;;;x
PROV150;Neon Heights;Neon Heights;Neon Heights;;;;;;;;;x
PROV151;Shroom City;Shroom City;Shroom City;;;;;;;;;x
PROV152;Toad Road;Toad Road;Toad Road;;;;;;;;;x
PROV153;Towering Treetop;Towering Treetop;Towering Treetop;;;;;;;;;x
PROV154;Frappe Snowland;Frappe Snowland;Frappe Snowland;;;;;;;;;x
PROV155;Ghost Valley;Ghost Valley;Ghost Valley;;;;;;;;;x
PROV156;Koopa Beach;Koopa Beach;Koopa Beach;;;;;;;;;x
PROV157;Koopa Cape;Koopa Cape;Koopa Cape;;;;;;;;;x
PROV158;Maple Treeway;Maple Treeway;Maple Treeway;;;;;;;;;x
PROV159;Moo Moo Meadows;Moo Moo Meadows;Moo Moo Meadows;;;;;;;;;x
PROV160;Mount Wario;Mount Wario;Mount Wario;;;;;;;;;x
PROV161;Mushroom Bridge;Mushroom Bridge;Mushroom Bridge;;;;;;;;;x
PROV162;Mushroom Gorge;Mushroom Gorge;Mushroom Gorge;;;;;;;;;x
PROV163;Music Park;Music Park;Music Park;;;;;;;;;x
PROV164;Peach Gardens;Peach Gardens;Peach Gardens;;;;;;;;;x
PROV165;Pipe Plaza;Pipe Plaza;Pipe Plaza;;;;;;;;;x
PROV166;Rainbow Road;Rainbow Road;Rainbow Road;;;;;;;;;x
PROV167;Ribbon Road;Ribbon Road;Ribbon Road;;;;;;;;;x
PROV168;Riverside Park;Riverside Park;Riverside Park;;;;;;;;;x
PROV169;Rock Rock Mountain;Rock Rock Mountain;Rock Rock Mountain;;;;;;;;;x
PROV170;Royal Raceway;Royal Raceway;Royal Raceway;;;;;;;;;x
PROV171;Shroom Ridge;Shroom Ridge;Shroom Ridge;;;;;;;;;x
PROV172;Sky Garden;Sky Garden;Sky Garden;;;;;;;;;x
PROV173;Sweet Sweet Canyon;Sweet Sweet Canyon;Sweet Sweet Canyon;;;;;;;;;x
PROV174;Glare Desert;Glare Desert;Glare Desert;;;;;;;;;x
PROV175;Boo Valley;Boo Valley;Boo Valley;;;;;;;;;x
PROV176;Cheep Cheep Falls;Cheep Cheep Falls;Cheep Cheep Falls;;;;;;;;;x
PROV177;Koopa Park;Koopa Park;Koopa Park;;;;;;;;;x
PROV178;Lakitu Valley;Lakitu Valley;Lakitu Valley;;;;;;;;;x
PROV179;Marion;Marion;Marion;;;;;;;;;x
PROV180;Mount Mushmore;Mount Mushmore;Mount Mushmore;;;;;;;;;x
PROV181;Sky Island;Sky Island;Sky Island;;;;;;;;;x
PROV182;Toad Highlands;Toad Highlands;Toad Highlands;;;;;;;;;x
PROV183;Mushroom Valley;Mushroom Valley;Mushroom Valley;;;;;;;;;x
PROV184;Battle Fort;Battle Fort;Battle Fort;;;;;;;;;x
PROV185;Big Boo's Haunt;Big Boo's Haunt;Big Boo's Haunt;;;;;;;;;x
PROV186;Bob-omb Battlefield;Bob-omb Battlefield;Bob-omb Battlefield;;;;;;;;;x
PROV187;Shifting Sand Land;Shifting Sand Land;Shifting Sand Land;;;;;;;;;x
PROV188;Tall Tall Mountain;Tall Tall Mountain;Tall Tall Mountain;;;;;;;;;x
PROV189;Crater Field;Crater Field;Crater Field;;;;;;;;;x
PROV190;Apple Mountain;Apple Mountain;Apple Mountain;;;;;;;;;x
PROV191;Caveman Land;Caveman Land;Caveman Land;;;;;;;;;x
PROV192;Cramalot;Cramalot;Cramalot;;;;;;;;;x
PROV193;Forest of Perpetual Night and Terrible Dangers;Forest of Perpetual Night and Terrible Dangers;Forest of Perpetual Night and Terrible Dangers;;;;;;;;;x
PROV194;Dome City;Dome City;Dome City;;;;;;;;;x
PROV195;Spy Land;Spy Land;Spy Land;;;;;;;;;x
PROV196;Fort Hard Knox;Fort Hard Knox;Fort Hard Knox;;;;;;;;;x
PROV197;Happy Harbor;Happy Harbor;Happy Harbor;;;;;;;;;x
PROV198;Koopacropolis;Koopacropolis;Koopacropolis;;;;;;;;;x
PROV199;Land of Ice;Land of Ice;Land of Ice;;;;;;;;;x
PROV200;Land of Romance;Land of Romance;Land of Romance;;;;;;;;;x
PROV201;Pasta Land;Pasta Land;Pasta Land;;;;;;;;;x
PROV202;Pastadena;Pastadena;Pastadena;;;;;;;;;x
PROV203;River World;River World;River World;;;;;;;;;x
PROV204;Shamrock Kingdom;Shamrock Kingdom;Shamrock Kingdom;;;;;;;;;x
PROV205;Sharewood Forest;Sharewood Forest;Sharewood Forest;;;;;;;;;x
PROV206;Sharewood Village;Sharewood Village;Sharewood Village;;;;;;;;;x
PROV207;Pudding Wonderland;Pudding Wonderland;Pudding Wonderland;;;;;;;;;x
PROV208;Razor Ridge;Razor Ridge;Razor Ridge;;;;;;;;;x
PROV209;Neon Hills;Neon Hills;Neon Hills;;;;;;;;;x
PROV210;Star's Shadow;Star's Shadow;Star's Shadow;;;;;;;;;x
PROV211;Pine Peaks;Pine Peaks;Pine Peaks;;;;;;;;;x
PROV212;Cedar Hills;Cedar Hills;Cedar Hills;;;;;;;;;x
PROV213;Sky High Mountain;Sky High Mountain;Sky High Mountain;;;;;;;;;x
PROV214;Toad Rift;Toad Rift;Toad Rift;;;;;;;;;x
PROV215;Koopa Hollow;Koopa Hollow;Koopa Hollow;;;;;;;;;x
PROV216;Steep Steep Cliffs;Steep Steep Cliffs;Steep Steep Cliffs;;;;;;;;;x
PROV217;Crazed Crag;Crazed Crag;Crazed Crag;;;;;;;;;x
PROV218;Golden Plains;Golden Plains;Golden Plains;;;;;;;;;x
PROV219;Meadow Pastures;Meadow Pastures;Meadow Pastures;;;;;;;;;x
PROV220;Rolling Hills Land;Rolling Hills Land;Rolling Hills Land;;;;;;;;;x
PROV221;Long Long Trail;Long Long Trail;Long Long Trail;;;;;;;;;x
PROV222;Singing Grassland;Singing Grassland;Singing Grassland;;;;;;;;;x
PROV223;Snowflake Hills;Snowflake Hills;Snowflake Hills;;;;;;;;;x
PROV224;Powder Valley;Powder Valley;Powder Valley;;;;;;;;;x
PROV225;Bar Sands;Bar Sands;Bar Sands;;;;;;;;;x
PROV226;Coldlium;Coldlium;Coldlium;;;;;;;;;x
PROV227;Frosty Frosty Tundra;Frosty Frosty Tundra;Frosty Frosty Tundra;;;;;;;;;x
PROV228;Snowflake Valley;Snowflake Valley;Snowflake Valley;;;;;;;;;x
PROV229;Bumpy Mesa;Bumpy Mesa;Bumpy Mesa;;;;;;;;;x
PROV230;Windswept Fields;Windswept Fields;Windswept Fields;;;;;;;;;x
PROV231;Breezy Bluff;Breezy Bluff;Breezy Bluff;;;;;;;;;x
PROV232;Crazy Crag;Crazy Crag;Crazy Crag;;;;;;;;;x
PROV233;Floral Peeks;Floral Peeks;Floral Peeks;;;;;;;;;x
PROV234;Steel Cliffs;Steel Cliffs;Steel Cliffs;;;;;;;;;x
PROV235;Hills of Hate;Hills of Hate;Hills of Hate;;;;;;;;;x
PROV236;Last Light;Last Light;Last Light;;;;;;;;;x
PROV237;Lake T;Lake T;Lake T;;;;;;;;;x
PROV238;Jones' Ridge;Jones' Ridge;Jones' Ridge;;;;;;;;;x
PROV239;Prospector's Prospect;Prospector's Prospect;Prospector's Prospect;;;;;;;;;x
PROV240;Fungus Badlands;Fungus Badlands;Fungus Badlands;;;;;;;;;x
PROV241;Antipasto Ridge;Antipasto Ridge;Antipasto Ridge;;;;;;;;;x
PROV242;Stardust Shadowlands;Stardust Shadowlands;Stardust Shadowlands;;;;;;;;;x
PROV243;Misty Marsh;Misty Marsh;Misty Marsh;;;;;;;;;x
PROV244;Lucky Hills;Lucky Hills;Lucky Hills;;;;;;;;;x
PROV245;Windmill Marsh;Windmill Marsh;Windmill Marsh;;;;;;;;;x
PROV246;Lollipop Lowlands;Lollipop Lowlands;Lollipop Lowlands;;;;;;;;;x
PROV247;Turtle's Teeth;Turtle's Teeth;Turtle's Teeth;;;;;;;;;x
PROV248;Dusty Dunes;Dusty Dunes;Dusty Dunes;;;;;;;;;x
PROV249;Harmony Hills;Harmony Hills;Harmony Hills;;;;;;;;;x
PROV250;Crescendo Ridge;Crescendo Ridge;Crescendo Ridge;;;;;;;;;x
PROV251;Decrescendo Swamp;Decrescendo Swamp;Decrescendo Swamp;;;;;;;;;x
PROV252;Clamshell Riverbank;Clamshell Riverbank;Clamshell Riverbank;;;;;;;;;x
PROV253;Goomba Dunes;Goomba Dunes;Goomba Dunes;;;;;;;;;x
PROV254;Riverside Ranch;Riverside Ranch;Riverside Ranch;;;;;;;;;x
PROV255;Orchard Hill;Orchard Hill;Orchard Hill;;;;;;;;;x
PROV256;Boulder Canyon;Boulder Canyon;Boulder Canyon;;;;;;;;;x
PROV257;Koopa Causeway;Koopa Causeway;Koopa Causeway;;;;;;;;;x
PROV258;Foggy Fields;Foggy Fields;Foggy Fields;;;;;;;;;x
PROV259;Autumn Grove;Autumn Grove;Autumn Grove;;;;;;;;;x
PROV260;Heartbreak Hill;Heartbreak Hill;Heartbreak Hill;;;;;;;;;x
PROV261;Cold Pines;Cold Pines;Cold Pines;;;;;;;;;x
PROV262;Mt Rugged;Mt Rugged;Mt Rugged;;;;;;;;;x
PROV263;High Dry Dry Desert;High Dry Dry Desert;High Dry Dry Desert;;;;;;;;;x
PROV264;Dry Dry Outpost;Dry Dry Outpost;Dry Dry Outpost;;;;;;;;;x
PROV265;Dry Dry Temple Ruins;Dry Dry Temple Ruins;Dry Dry Temple Ruins;;;;;;;;;x
PROV266;Dry Dry Oasis;Dry Dry Oasis;Dry Dry Oasis;;;;;;;;;x
PROV267;Parched Dry Dry Desert;Parched Dry Dry Desert;Parched Dry Dry Desert;;;;;;;;;x
PROV268;Dry Dry Mountains;Dry Dry Mountains;Dry Dry Mountains;;;;;;;;;x
PROV269;Dry Dry Outpost Region;Dry Dry Outpost Region;Dry Dry Outpost Region;;;;;;;;;x
PROV270;Dry Dry Reaches;Dry Dry Reaches;Dry Dry Reaches;;;;;;;;;x
PROV271;Northern Dry Ridge;Northern Dry Ridge;Northern Dry Ridge;;;;;;;;;x
PROV272;Eastern Ruin Area;Eastern Ruin Area;Eastern Ruin Area;;;;;;;;;x
PROV273;Western Ruin Area;Western Ruin Area;Western Ruin Area;;;;;;;;;x
PROV274;Western Dry Dry Desert;Western Dry Dry Desert;Western Dry Dry Desert;;;;;;;;;x
PROV275;Southern Dry Dry Desert;Southern Dry Dry Desert;Southern Dry Dry Desert;;;;;;;;;x
PROV276;Windy Mill;Windy Mill;Windy Mill;;;;;;;;;x
PROV277;Gusty Gultch Town;Gusty Gultch Town;Gusty Gultch Town;;;;;;;;;x
PROV278;Gusty Gultch;Gusty Gultch;Gusty Gultch;;;;;;;;;x
PROV279;Tubba Blubba's Castle;Tubba Blubba's Castle;Tubba Blubba's Castle;;;;;;;;;x
PROV280;West Forever Forest;West Forever Forest;West Forever Forest;;;;;;;;;x
PROV281;Boo's Mansion;Boo's Mansion;Boo's Mansion;;;;;;;;;x
PROV282;Thwomp Volcano;Thwomp Volcano;Thwomp Volcano;;;;;;;;;x
PROV283;Thwomp Highlands;Thwomp Highlands;Thwomp Highlands;;;;;;;;;x
PROV284;Thwomp Foothills;Thwomp Foothills;Thwomp Foothills;;;;;;;;;x
PROV285;E. Gadd Outpost;E. Gadd Outpost;E. Gadd Outpost;;;;;;;;;x
PROV286;Bowser Path;Bowser Path;Bowser Path;;;;;;;;;x
PROV287;Western Gritzy Desert;Western Gritzy Desert;Western Gritzy Desert;;;;;;;;;x
PROV288;Eastern Gritzy Desert;Eastern Gritzy Desert;Eastern Gritzy Desert;;;;;;;;;x
PROV289;Gritzy Caves;Gritzy Caves;Gritzy Caves;;;;;;;;;x
PROV290;Koopaseum;Koopaseum;Koopaseum;;;;;;;;;x
PROV291;Blubble Lake;Blubble Lake;Blubble Lake;;;;;;;;;x
PROV292;Tower of Yikk;Tower of Yikk;Tower of Yikk;;;;;;;;;x
PROV293;Bubble Islands;Bubble Islands;Bubble Islands;;;;;;;;;x
PROV294;Plack Beach;Plack Beach;Plack Beach;;;;;;;;;x
PROV295;Plack Highlands;Plack Highlands;Plack Highlands;;;;;;;;;x
PROV296;East Cavi Cape;East Cavi Cape;East Cavi Cape;;;;;;;;;x
PROV297;Cavi Plains;Cavi Plains;Cavi Plains;;;;;;;;;x
PROV298;West Cavi Cape;West Cavi Cape;West Cavi Cape;;;;;;;;;x
PROV299;Dimple Woods;Dimple Woods;Dimple Woods;;;;;;;;;x
PROV300;Peaceful Wario's Woods;Peaceful Wario's Woods;Peaceful Wario's Woods;;;;;;;;;x
PROV301;Battle Canyon;Battle Canyon;Battle Canyon;;;;;;;;;x
PROV302;Fairy's Forest;Fairy's Forest;Fairy's Forest;;;;;;;;;x
PROV303;Yosu Lake;Yosu Lake;Yosu Lake;;;;;;;;;x
PROV304;Cloud-Bird Mountain;Cloud-Bird Mountain;Cloud-Bird Mountain;;;;;;;;;x
PROV305;Blaze Cave;Blaze Cave;Blaze Cave;;;;;;;;;x
PROV306;Ice Cave;Ice Cave;Ice Cave;;;;;;;;;x
PROV307;Cheep Cheep Waters;Cheep Cheep Waters;Cheep Cheep Waters;;;;;;;;;x
PROV308;Balloon Bridge;Balloon Bridge;Balloon Bridge;;;;;;;;;x
PROV309;Wario's Garden;Wario's Garden;Wario's Garden;;;;;;;;;x
PROV310;Wario's House;Wario's House;Wario's House;;;;;;;;;x
PROV311;Diamond City;Diamond City;Diamond City;;;;;;;;;x
PROV312;Temple of Form;Temple of Form;Temple of Form;;;;;;;;;x
PROV313;Greenhorn Forest;Greenhorn Forest;Greenhorn Forest;;;;;;;;;x
PROV314;Greenhorn Ruins;Greenhorn Ruins;Greenhorn Ruins;;;;;;;;;x
PROV315;Horror Manor;Horror Manor;Horror Manor;;;;;;;;;x
PROV316;Wonky Circus;Wonky Circus;Wonky Circus;;;;;;;;;x
PROV317;Beanstalk Way;Beanstalk Way;Beanstalk Way;;;;;;;;;x
PROV318;Mirror Mansion;Mirror Mansion;Mirror Mansion;;;;;;;;;x
PROV319;Decalburg;Decalburg;Decalburg;;;;;;;;;x
PROV320;Surfshine Harbor;Surfshine Harbor;Surfshine Harbor;;;;;;;;;x
PROV321;Warm Fuzzy Plains;Warm Fuzzy Plains;Warm Fuzzy Plains;;;;;;;;;x
PROV322;Bouquet Gardens;Bouquet Gardens;Bouquet Gardens;;;;;;;;;x
PROV323;Water's Edge Way;Water's Edge Way;Water's Edge Way;;;;;;;;;x
PROV324;Hither Thither Hill;Hither Thither Hill;Hither Thither Hill;;;;;;;;;x
PROV325;Whammino Mountain;Whammino Mountain;Whammino Mountain;;;;;;;;;x
PROV326;Goomba Fortress;Goomba Fortress;Goomba Fortress;;;;;;;;;x
PROV327;Leaflittler Path;Leaflittler Path;Leaflittler Path;;;;;;;;;x
PROV328;The Bafflewood;The Bafflewood;The Bafflewood;;;;;;;;;x
PROV329;Wiggler's Woods;Wiggler's Woods;Wiggler's Woods;;;;;;;;;x
PROV330;Strike Lake;Strike Lake;Strike Lake;;;;;;;;;x
PROV331;Loop Loop River;Loop Loop River;Loop Loop River;;;;;;;;;x
PROV332;Outlook Point;Outlook Point;Outlook Point;;;;;;;;;x
PROV333;Rustle Burrow;Rustle Burrow;Rustle Burrow;;;;;;;;;x
PROV334;Tree Branch Trail;Tree Branch Trail;Tree Branch Trail;;;;;;;;;x
PROV335;Gauntlet Pond;Gauntlet Pond;Gauntlet Pond;;;;;;;;;x
PROV336;Stump Glade;Stump Glade;Stump Glade;;;;;;;;;x
PROV337;Holey Thicket;Holey Thicket;Holey Thicket;;;;;;;;;x
PROV338;Whitecap Beach;Whitecap Beach;Whitecap Beach;;;;;;;;;x
PROV339;Big City;Big City;Big City;;;;;;;;;x
PROV340;Barrier Mountains;Barrier Mountains;Barrier Mountains;;;;;;;;;x
PROV341;Blooper Beach;Blooper Beach;Blooper Beach;;;;;;;;;x
PROV342;Boo Cemetery;Boo Cemetery;Boo Cemetery;;;;;;;;;x
PROV343;Boo's Horror Castle;Boo's Horror Castle;Boo's Horror Castle;;;;;;;;;x
PROV344;Castaway Bay;Castaway Bay;Castaway Bay;;;;;;;;;x
PROV345;Grand Canal;Grand Canal;Grand Canal;;;;;;;;;x
PROV346;Magma Mine;Magma Mine;Magma Mine;;;;;;;;;x
PROV347;Pagoda Peak;Pagoda Peak;Pagoda Peak;;;;;;;;;x
PROV348;Lower Perilous Palace Path;Lower Perilous Palace Path;Lower Perilous Palace Path;;;;;;;;;x
PROV349;Upper Perilous Palace Path;Upper Perilous Palace Path;Upper Perilous Palace Path;;;;;;;;;x
PROV350;Perilous Mountain;Perilous Mountain;Perilous Mountain;;;;;;;;;x
PROV351;Perilous Palace;Perilous Palace;Perilous Palace;;;;;;;;;x
PROV352;Pyramid Park;Pyramid Park;Pyramid Park;;;;;;;;;x
PROV353;Spiny Desert;Spiny Desert;Spiny Desert;;;;;;;;;x
PROV354;Thirsty Gulch;Thirsty Gulch;Thirsty Gulch;;;;;;;;;x
PROV355;Western Land;Western Land;Western Land;;;;;;;;;x
PROV356;Windmillville;Windmillville;Windmillville;;;;;;;;;x
PROV357;Woody Woods;Woody Woods;Woody Woods;;;;;;;;;x
PROV358;Baby Park;Baby Park;Baby Park;;;;;;;;;x
PROV359;Bone-Dry Dunes;Bone-Dry Dunes;Bone-Dry Dunes;;;;;;;;;x
PROV360;Boo Lake;Boo Lake;Boo Lake;;;;;;;;;x
PROV361;Cheep Cheep Beach;Cheep Cheep Beach;Cheep Cheep Beach;;;;;;;;;x
PROV362;Cheep-Cheep Island;Cheep-Cheep Island;Cheep-Cheep Island;;;;;;;;;x
PROV363;Desert Hills;Desert Hills;Desert Hills;;;;;;;;;x
PROV364;Dolphin Shoals;Dolphin Shoals;Dolphin Shoals;;;;;;;;;x
PROV365;Grumble Volcano;Grumble Volcano;Grumble Volcano;;;;;;;;;x
PROV366;Honeybee Hive;Honeybee Hive;Honeybee Hive;;;;;;;;;x
PROV367;Kalimari Desert;Kalimari Desert;Kalimari Desert;;;;;;;;;x
PROV368;Lakeside Park;Lakeside Park;Lakeside Park;;;;;;;;;x
PROV369;Mario Beach;Mario Beach;Mario Beach;;;;;;;;;x
PROV370;Shy Guy Beach;Shy Guy Beach;Shy Guy Beach;;;;;;;;;x
PROV371;Shy Guy Falls;Shy Guy Falls;Shy Guy Falls;;;;;;;;;x
PROV372;Sunset Wilds;Sunset Wilds;Sunset Wilds;;;;;;;;;x
PROV373;Thwomp Desert;Thwomp Desert;Thwomp Desert;;;;;;;;;x
PROV374;Thwomp Ruins;Thwomp Ruins;Thwomp Ruins;;;;;;;;;x
PROV375;Toad Harbor;Toad Harbor;Toad Harbor;;;;;;;;;x
PROV376;Twilight House;Twilight House;Twilight House;;;;;;;;;x
PROV377;Twisted Mansion;Twisted Mansion;Twisted Mansion;;;;;;;;;x
PROV378;Yoshi Falls;Yoshi Falls;Yoshi Falls;;;;;;;;;x
PROV379;Yoshi Valley;Yoshi Valley;Yoshi Valley;;;;;;;;;x
PROV380;Sunset Beach;Sunset Beach;Sunset Beach;;;;;;;;;x
PROV381;Shifting Sands;Shifting Sands;Shifting Sands;;;;;;;;;x
PROV382;Shy Guy Desert;Shy Guy Desert;Shy Guy Desert;;;;;;;;;x
PROV383;Wiggler Park;Wiggler Park;Wiggler Park;;;;;;;;;x
PROV384;Yoshi Lake;Yoshi Lake;Yoshi Lake;;;;;;;;;x
PROV385;Wario Dunes;Wario Dunes;Wario Dunes;;;;;;;;;x
PROV386;Crystal Canyon;Crystal Canyon;Crystal Canyon;;;;;;;;;x
PROV387;Fire Mountain;Fire Mountain;Fire Mountain;;;;;;;;;x
PROV388;Mystic Forest;Mystic Forest;Mystic Forest;;;;;;;;;x
PROV389;Sandstone Stroll;Sandstone Stroll;Sandstone Stroll;;;;;;;;;x
PROV390;Car Land;Car Land;Car Land;;;;;;;;;x
PROV391;Rebel Fort;Rebel Fort;Rebel Fort;;;;;;;;;x
PROV392;Crime Land;Crime Land;Crime Land;;;;;;;;;x
PROV393;Desert Kingdom;Desert Kingdom;Desert Kingdom;;;;;;;;;x
PROV394;Double Cross Ranch;Double Cross Ranch;Double Cross Ranch;;;;;;;;;x
PROV395;Grand Koopa Canyon;Grand Koopa Canyon;Grand Koopa Canyon;;;;;;;;;x
PROV396;Jungle Land;Jungle Land;Jungle Land;;;;;;;;;x
PROV397;Kingdom of Youth;Kingdom of Youth;Kingdom of Youth;;;;;;;;;x
PROV398;Linguine Land;Linguine Land;Linguine Land;;;;;;;;;x
PROV399;Sudden Death Valley;Sudden Death Valley;Sudden Death Valley;;;;;;;;;x
PROV400;Mushridge;Mushridge;Mushridge;;;;;;;;;x
PROV401;Mushroom Woods;Mushroom Woods;Mushroom Woods;;;;;;;;;x
PROV402;Mythis;Mythis;Mythis;;;;;;;;;x
PROV403;Rap Land;Rap Land;Rap Land;;;;;;;;;x
PROV404;Robo Land;Robo Land;Robo Land;;;;;;;;;x
PROV405;Rotunda Land;Rotunda Land;Rotunda Land;;;;;;;;;x
PROV406;Rotunda Castle;Rotunda Castle;Rotunda Castle;;;;;;;;;x
PROV407;Wild West;Wild West;Wild West;;;;;;;;;x
PROV408;Wunderland;Wunderland;Wunderland;;;;;;;;;x
PROV409;Grassy Greens;Grassy Greens;Grassy Greens;;;;;;;;;x
PROV410;Chilly Beach;Chilly Beach;Chilly Beach;;;;;;;;;x
PROV411;Cold Woods;Cold Woods;Cold Woods;;;;;;;;;x
PROV412;Jolly Plains;Jolly Plains;Jolly Plains;;;;;;;;;x
PROV413;Jolly Hills;Jolly Hills;Jolly Hills;;;;;;;;;x
PROV414;Jolly Fields;Jolly Fields;Jolly Fields;;;;;;;;;x
PROV415;Dry Bake Desert;Dry Bake Desert;Dry Bake Desert;;;;;;;;;x
PROV416;Yoshi Sphinx;Yoshi Sphinx;Yoshi Sphinx;;;;;;;;;x
PROV417;Sandshifter Ruins;Sandshifter Ruins;Sandshifter Ruins;;;;;;;;;x
PROV418;Damp Oasis;Damp Oasis;Damp Oasis;;;;;;;;;x
PROV419;Drybake Stadium;Drybake Stadium;Drybake Stadium;;;;;;;;;x
PROV420;Snow Rise;Snow Rise;Snow Rise;;;;;;;;;x
PROV421;Ice Flow;Ice Flow;Ice Flow;;;;;;;;;x
PROV422;The Enigmansion;The Enigmansion;The Enigmansion;;;;;;;;;x
PROV423;Shaved Ice Cave;Shaved Ice Cave;Shaved Ice Cave;;;;;;;;;x
PROV424;Whiteout Valley;Whiteout Valley;Whiteout Valley;;;;;;;;;x
PROV425;Snow Fort;Snow Fort;Snow Fort;;;;;;;;;x
PROV426;Shy Guy Jungle;Shy Guy Jungle;Shy Guy Jungle;;;;;;;;;x
PROV427;Jungle Rapids;Jungle Rapids;Jungle Rapids;;;;;;;;;x
PROV428;Long Fall Falls;Long Fall Falls;Long Fall Falls;;;;;;;;;x
PROV429;Chomp Ruins;Chomp Ruins;Chomp Ruins;;;;;;;;;x
PROV430;Rugged Road;Rugged Road;Rugged Road;;;;;;;;;x
PROV431;Rumble Volcano;Rumble Volcano;Rumble Volcano;;;;;;;;;x
PROV432;Gate Cliff;Gate Cliff;Gate Cliff;;;;;;;;;x
PROV433;Pipe Plains;Pipe Plains;Pipe Plains;;;;;;;;;x
PROV434;Pipe Hills;Pipe Hills;Pipe Hills;;;;;;;;;x
PROV435;Coin Plains;Coin Plains;Coin Plains;;;;;;;;;x
PROV436;Coin Cliffs;Coin Cliffs;Coin Cliffs;;;;;;;;;x
PROV437;Northern Grass Land Toad House;Northern Grass Land Toad House;Northern Grass Land Toad House;;;;;;;;;x
PROV438;Grass Land Fortress;Grass Land Fortress;Grass Land Fortress;;;;;;;;;x
PROV439;Grass Land Hills;Grass Land Hills;Grass Land Hills;;;;;;;;;x
PROV440;Grass Land Cliffs;Grass Land Cliffs;Grass Land Cliffs;;;;;;;;;x
PROV441;Southern Grass Land Toad House;Southern Grass Land Toad House;Southern Grass Land Toad House;;;;;;;;;x
PROV442;Grass Land Castle;Grass Land Castle;Grass Land Castle;;;;;;;;;x
PROV443;Pipe Ruins;Pipe Ruins;Pipe Ruins;;;;;;;;;x
PROV444;Desert Oasis;Desert Oasis;Desert Oasis;;;;;;;;;x
PROV445;Northern Desert Toad House;Northern Desert Toad House;Northern Desert Toad House;;;;;;;;;x
PROV446;Desert Land Fortress;Desert Land Fortress;Desert Land Fortress;;;;;;;;;x
PROV447;Pyramid Flats;Pyramid Flats;Pyramid Flats;;;;;;;;;x
PROV448;Western Desert Toad House;Western Desert Toad House;Western Desert Toad House;;;;;;;;;x
PROV449;Quicksand;Quicksand;Quicksand;;;;;;;;;x
PROV450;Palm Oasis;Palm Oasis;Palm Oasis;;;;;;;;;x
PROV451;Chomp Pyramids;Chomp Pyramids;Chomp Pyramids;;;;;;;;;x
PROV452;Pyramid Hill;Pyramid Hill;Pyramid Hill;;;;;;;;;x
PROV453;Desert Castle;Desert Castle;Desert Castle;;;;;;;;;x
PROV454;Bonus Ridge;Bonus Ridge;Bonus Ridge;;;;;;;;;x
PROV455;Southern Desert Toad House;Southern Desert Toad House;Southern Desert Toad House;;;;;;;;;x
PROV456;Ocean Side Castle;Ocean Side Castle;Ocean Side Castle;;;;;;;;;x
PROV457;Toad Islands;Toad Islands;Toad Islands;;;;;;;;;x
PROV458;Archipelago Fortress;Archipelago Fortress;Archipelago Fortress;;;;;;;;;x
PROV459;Dandy Pier;Dandy Pier;Dandy Pier;;;;;;;;;x
PROV460;Cheep Cheep Reef;Cheep Cheep Reef;Cheep Cheep Reef;;;;;;;;;x
PROV461;Misty Cove;Misty Cove;Misty Cove;;;;;;;;;x
PROV462;Misty Heights;Misty Heights;Misty Heights;;;;;;;;;x
PROV463;Sponge Hills;Sponge Hills;Sponge Hills;;;;;;;;;x
PROV464;Toad Sound;Toad Sound;Toad Sound;;;;;;;;;x
PROV465;Boss Bass Bay;Boss Bass Bay;Boss Bass Bay;;;;;;;;;x
PROV466;Peninsular Fortress;Peninsular Fortress;Peninsular Fortress;;;;;;;;;x
PROV467;Cheep Cheep Falls;Cheep Cheep Falls;Cheep Cheep Falls;;;;;;;;;x
PROV468;Southern Toad House;Southern Toad House;Southern Toad House;;;;;;;;;x
PROV469;Giant Wetlands;Giant Wetlands;Giant Wetlands;;;;;;;;;x
PROV470;Toad Peninsula;Toad Peninsula;Toad Peninsula;;;;;;;;;x
PROV471;Giant Pipeland;Giant Pipeland;Giant Pipeland;;;;;;;;;x
PROV472;Giant Caverns;Giant Caverns;Giant Caverns;;;;;;;;;x
PROV473;Coastal Fortress;Coastal Fortress;Coastal Fortress;;;;;;;;;x
PROV474;Giant Coral Cove;Giant Coral Cove;Giant Coral Cove;;;;;;;;;x
PROV475;Toad Point;Toad Point;Toad Point;;;;;;;;;x
PROV476;Island Fortress;Island Fortress;Island Fortress;;;;;;;;;x
PROV477;Gargantuan Hills;Gargantuan Hills;Gargantuan Hills;;;;;;;;;x
PROV478;Big Plains;Big Plains;Big Plains;;;;;;;;;x
PROV479;Western Giant Toad House;Western Giant Toad House;Western Giant Toad House;;;;;;;;;x
PROV480;Big Castle;Big Castle;Big Castle;;;;;;;;;x
PROV481;Chomp Stairway;Chomp Stairway;Chomp Stairway;;;;;;;;;x
PROV482;Cavern Hill;Cavern Hill;Cavern Hill;;;;;;;;;x
PROV483;Toad River;Toad River;Toad River;;;;;;;;;x
PROV484;Muncher Canyon;Muncher Canyon;Muncher Canyon;;;;;;;;;x
PROV485;River Manor;River Manor;River Manor;;;;;;;;;x
PROV486;Stairway to Heaven;Stairway to Heaven;Stairway to Heaven;;;;;;;;;x
PROV487;Coin Cloud Falls;Coin Cloud Falls;Coin Cloud Falls;;;;;;;;;x
PROV488;Donut Heights;Donut Heights;Donut Heights;;;;;;;;;x
PROV489;Cloud Toad House;Cloud Toad House;Cloud Toad House;;;;;;;;;x
PROV490;Cloudy Path;Cloudy Path;Cloudy Path;;;;;;;;;x
PROV491;Tall Heights;Tall Heights;Tall Heights;;;;;;;;;x
PROV492;Toad Heights;Toad Heights;Toad Heights;;;;;;;;;x
PROV493;Castle in the Clouds;Castle in the Clouds;Castle in the Clouds;;;;;;;;;x
PROV494;Sky Castle;Sky Castle;Sky Castle;;;;;;;;;x
PROV495;Shifting Clouds;Shifting Clouds;Shifting Clouds;;;;;;;;;x
PROV496;Cloud Stairway;Cloud Stairway;Cloud Stairway;;;;;;;;;x
PROV497;Ice Castle;Ice Castle;Ice Castle;;;;;;;;;x
PROV498;Ice Fortress;Ice Fortress;Ice Fortress;;;;;;;;;x
PROV499;Frigid Forest;Frigid Forest;Frigid Forest;;;;;;;;;x
PROV500;Ice Lake;Ice Lake;Ice Lake;;;;;;;;;x
PROV501;Thawed Hills;Thawed Hills;Thawed Hills;;;;;;;;;x
PROV502;Snowy Hills;Snowy Hills;Snowy Hills;;;;;;;;;x
PROV503;Icy Lake Fortress;Icy Lake Fortress;Icy Lake Fortress;;;;;;;;;x
PROV504;Ice Field;Ice Field;Ice Field;;;;;;;;;x
PROV505;Frozen Toad House;Frozen Toad House;Frozen Toad House;;;;;;;;;x
PROV506;Ice Caverns;Ice Caverns;Ice Caverns;;;;;;;;;x
PROV507;Icy Heights;Icy Heights;Icy Heights;;;;;;;;;x
PROV508;Northern Ice Fortress;Northern Ice Fortress;Northern Ice Fortress;;;;;;;;;x
PROV509;Snowy Heights;Snowy Heights;Snowy Heights;;;;;;;;;x
PROV510;Chilly Hills;Chilly Hills;Chilly Hills;;;;;;;;;x
PROV511;Toad Fjord;Toad Fjord;Toad Fjord;;;;;;;;;x
PROV512;Frosty Plains;Frosty Plains;Frosty Plains;;;;;;;;;x
PROV513;Northern Pipe Toad House;Northern Pipe Toad House;Northern Pipe Toad House;;;;;;;;;x
PROV514;Eastern Pipe Fort;Eastern Pipe Fort;Eastern Pipe Fort;;;;;;;;;x
PROV515;Pipe Maze Castle;Pipe Maze Castle;Pipe Maze Castle;;;;;;;;;x
PROV516;Pipe Pyramids;Pipe Pyramids;Pipe Pyramids;;;;;;;;;x
PROV517;Piranha Pipe Garden;Piranha Pipe Garden;Piranha Pipe Garden;;;;;;;;;x
PROV518;Muncher Gauntlet;Muncher Gauntlet;Muncher Gauntlet;;;;;;;;;x
PROV519;Pipe Chasm;Pipe Chasm;Pipe Chasm;;;;;;;;;x
PROV520;Western Pipe Fort;Western Pipe Fort;Western Pipe Fort;;;;;;;;;x
PROV521;Pipe Prison;Pipe Prison;Pipe Prison;;;;;;;;;x
PROV522;Pipe Reef;Pipe Reef;Pipe Reef;;;;;;;;;x
PROV523;Pipe Slopes;Pipe Slopes;Pipe Slopes;;;;;;;;;x
PROV524;Toad Pipe Island;Toad Pipe Island;Toad Pipe Island;;;;;;;;;x
PROV525;Southern Pipe Toad House;Southern Pipe Toad House;Southern Pipe Toad House;;;;;;;;;x
PROV526;Pipe Desert;Pipe Desert;Pipe Desert;;;;;;;;;x
PROV527;Pipe Caverns;Pipe Caverns;Pipe Caverns;;;;;;;;;x
PROV528;Lava Land;Lava Land;Lava Land;;;;;;;;;x
PROV529;Skull Land;Skull Land;Skull Land;;;;;;;;;x
PROV530;Dark World Fortress;Dark World Fortress;Dark World Fortress;;;;;;;;;x
PROV531;Skull Hills;Skull Hills;Skull Hills;;;;;;;;;x
PROV532;Skull Desert;Skull Desert;Skull Desert;;;;;;;;;x
PROV533;The Valley of Bowser;The Valley of Bowser;The Valley of Bowser;;;;;;;;;x
PROV534;Castle Bowser;Castle Bowser;Castle Bowser;;;;;;;;;x
PROV535;World-e Castle;World-e Castle;World-e Castle;;;;;;;;;x
PROV536;Red Toad Peninsula;Red Toad Peninsula;Red Toad Peninsula;;;;;;;;;x
PROV537;Blue Toad Woods;Blue Toad Woods;Blue Toad Woods;;;;;;;;;x
PROV538;Yellow Toad Bay;Yellow Toad Bay;Yellow Toad Bay;;;;;;;;;x
PROV539;Pecan Sands;Pecan Sands;Pecan Sands;;;;;;;;;x
PROV540;Banzai Bill's Mad Mountain;Banzai Bill's Mad Mountain;Banzai Bill's Mad Mountain;;;;;;;;;x
PROV541;Bowser Land;Bowser Land;Bowser Land;;;;;;;;;x
PROV542;Bowser's Enchanted Inferno;Bowser's Enchanted Inferno;Bowser's Enchanted Inferno;;;;;;;;;x
PROV543;Bowser's Magma Mountain;Bowser's Magma Mountain;Bowser's Magma Mountain;;;;;;;;;x
PROV544;Bowser's Peculiar Peak;Bowser's Peculiar Peak;Bowser's Peculiar Peak;;;;;;;;;x
PROV545;Clockwork Castle;Clockwork Castle;Clockwork Castle;;;;;;;;;x
PROV546;Infernal Tower;Infernal Tower;Infernal Tower;;;;;;;;;x
PROV547;Snowflake Lake;Snowflake Lake;Snowflake Lake;;;;;;;;;x
PROV548;Big Donut;Big Donut;Big Donut;;;;;;;;;x
PROV549;Block City;Block City;Block City;;;;;;;;;x
PROV550;Cookie Land;Cookie Land;Cookie Land;;;;;;;;;x
PROV551;Cheese Land;Cheese Land;Cheese Land;;;;;;;;;x
PROV552;Neo Bowser City;Neo Bowser City;Neo Bowser City;;;;;;;;;x
PROV553;Yoshi Desert;Yoshi Desert;Yoshi Desert;;;;;;;;;x
PROV554;Blooper Bay;Blooper Bay;Blooper Bay;;;;;;;;;x
PROV555;Bowser Badlands;Bowser Badlands;Bowser Badlands;;;;;;;;;x
PROV556;Tiny-Huge Island;Tiny-Huge Island;Tiny-Huge Island;;;;;;;;;x
PROV557;Thunder Island;Thunder Island;Thunder Island;;;;;;;;;x
PROV558;Seizures Palace;Seizures Palace;Seizures Palace;;;;;;;;;x
PROV559;Thump Castle;Thump Castle;Thump Castle;;;;;;;;;x
PROV560;Cannon Cove;Cannon Cove;Cannon Cove;;;;;;;;;x
PROV561;Fungusville;Fungusville;Fungusville;;;;;;;;;x
PROV562;Turtlevania;Turtlevania;Turtlevania;;;;;;;;;x
PROV563;Castle Koopula;Castle Koopula;Castle Koopula;;;;;;;;;x
PROV564;Down Under Land;Down Under Land;Down Under Land;;;;;;;;;x
PROV565;El Desert Land;El Desert Land;El Desert Land;;;;;;;;;x
PROV566;Lava Land;Lava Land;Lava Land;;;;;;;;;x
PROV567;Pirate Port;Pirate Port;Pirate Port;;;;;;;;;x
PROV568;Sayonara;Sayonara;Sayonara;;;;;;;;;x
PROV569;Victoria;Victoria;Victoria;;;;;;;;;x
PROV570;Trouter Bay;Trouter Bay;Trouter Bay;;;;;;;;;x
PROV571;Cloud Temple;Cloud Temple;Cloud Temple;;;;;;;;;x
PROV572;Bonus Desert;Bonus Desert;Bonus Desert;;;;;;;;;x
PROV573;Desert Coast;Desert Coast;Desert Coast;;;;;;;;;x
PROV574;Desolate Sands;Desolate Sands;Desolate Sands;;;;;;;;;x
PROV575;Dusty Coast;Dusty Coast;Dusty Coast;;;;;;;;;x
PROV576;Mirage Mountains;Mirage Mountains;Mirage Mountains;;;;;;;;;x
PROV577;Thick Palms;Thick Palms;Thick Palms;;;;;;;;;x
PROV578;Channel Sands;Channel Sands;Channel Sands;;;;;;;;;x
PROV579;Icy Bay;Icy Bay;Icy Bay;;;;;;;;;x
PROV580;Frigid Peninsula;Frigid Peninsula;Frigid Peninsula;;;;;;;;;x
PROV581;Frosty Foothills;Frosty Foothills;Frosty Foothills;;;;;;;;;x
PROV582;Frosty Peaks;Frosty Peaks;Frosty Peaks;;;;;;;;;x
PROV583;Icicle Coast;Icicle Coast;Icicle Coast;;;;;;;;;x
PROV584;Frigid Bay;Frigid Bay;Frigid Bay;;;;;;;;;x
PROV585;Cold Coast;Cold Coast;Cold Coast;;;;;;;;;x
PROV586;Snowball Mountain;Snowball Mountain;Snowball Mountain;;;;;;;;;x
PROV587;Sizzling Coast;Sizzling Coast;Sizzling Coast;;;;;;;;;x
PROV588;Dark Coast;Dark Coast;Dark Coast;;;;;;;;;x
PROV589;Skeleton Bay;Skeleton Bay;Skeleton Bay;;;;;;;;;x
PROV590;Shadowland;Shadowland;Shadowland;;;;;;;;;x
PROV591;Bowser Coast;Bowser Coast;Bowser Coast;;;;;;;;;x
PROV592;Koopa Ridge;Koopa Ridge;Koopa Ridge;;;;;;;;;x
PROV593;Dark Valley;Dark Valley;Dark Valley;;;;;;;;;x
PROV594;Red Cliffs;Red Cliffs;Red Cliffs;;;;;;;;;x
PROV595;Goomport;Goomport;Goomport;;;;;;;;;x
PROV596;Bonyard;Bonyard;Bonyard;;;;;;;;;x
PROV597;Trader's Bay;Trader's Bay;Trader's Bay;;;;;;;;;x
PROV598;Traitor's Bay;Traitor's Bay;Traitor's Bay;;;;;;;;;x
PROV599;City of Thieves;City of Thieves;City of Thieves;;;;;;;;;x
PROV600;Icy Heart Peak;Icy Heart Peak;Icy Heart Peak;;;;;;;;;x
PROV601;Rogueport;Rogueport;Rogueport;;;;;;;;;x
PROV602;Lower Boggly Woods;Lower Boggly Woods;Lower Boggly Woods;;;;;;;;;x
PROV603;The Great Tree;The Great Tree;The Great Tree;;;;;;;;;x
PROV604;Poshley Heights;Poshley Heights;Poshley Heights;;;;;;;;;x
PROV605;Petalburg;Petalburg;Petalburg;;;;;;;;;x
PROV606;Hooktail Castle;Hooktail Castle;Hooktail Castle;;;;;;;;;x
PROV607;Fahr Outpost;Fahr Outpost;Fahr Outpost;;;;;;;;;x
PROV608;Southern Fahr Ridge;Southern Fahr Ridge;Southern Fahr Ridge;;;;;;;;;x
PROV609;Middle Fahr Ridge;Middle Fahr Ridge;Middle Fahr Ridge;;;;;;;;;x
PROV610;Northern Fahr Ridge;Northern Fahr Ridge;Northern Fahr Ridge;;;;;;;;;x
PROV611;Creepy Stable;Creepy Stable;Creepy Stable;;;;;;;;;x
PROV612;Twilight Town;Twilight Town;Twilight Town;;;;;;;;;x
PROV613;Twilight Trail;Twilight Trail;Twilight Trail;;;;;;;;;x
PROV614;Twilight Woods;Twilight Woods;Twilight Woods;;;;;;;;;x
PROV615;Keelhaul Key;Keelhaul Key;Keelhaul Key;;;;;;;;;x
PROV616;Pirate's Grotto;Pirate's Grotto;Pirate's Grotto;;;;;;;;;x
PROV617;Faire Square;Faire Square;Faire Square;;;;;;;;;x
PROV618;Pirate's Dream;Pirate's Dream;Pirate's Dream;;;;;;;;;x
PROV619;Dire Dire Docks;Dire Dire Docks;Dire Dire Docks;;;;;;;;;x
PROV620;Hazy Maze Cave;Hazy Maze Cave;Hazy Maze Cave;;;;;;;;;x
PROV621;Jolly Roger Bay;Jolly Roger Bay;Jolly Roger Bay;;;;;;;;;x
PROV622;Wet-Dry World;Wet-Dry World;Wet-Dry World;;;;;;;;;x
PROV623;Mushville;Mushville;Mushville;;;;;;;;;x
PROV624;North Pole;North Pole;North Pole;;;;;;;;;x
PROV625;City of Traitors;City of Traitors;City of Traitors;;;;;;;;;x
PROV626;Penguin Paradise;Penguin Paradise;Penguin Paradise;;;;;;;;;x
PROV627;Twilight Vale;Twilight Vale;Twilight Vale;;;;;;;;;x
PROV628;Boggly Bay;Boggly Bay;Boggly Bay;;;;;;;;;x
PROV629;Silent Valley;Silent Valley;Silent Valley;;;;;;;;;x
PROV630;Petal Meadows;Petal Meadows;Petal Meadows;;;;;;;;;x
PROV631;Upper Boggly Woods;Upper Boggly Woods;Upper Boggly Woods;;;;;;;;;x
PROV632;Silent Mountains;Silent Mountains;Silent Mountains;;;;;;;;;x
PROV633;Icicle Town;Icicle Town;Icicle Town;;;;;;;;;x
PROV634;Boggly Reach;Boggly Reach;Boggly Reach;;;;;;;;;x
PROV635;Black Meadow;Black Meadow;Black Meadow;;;;;;;;;x
PROV636;Gray Glade;Gray Glade;Gray Glade;;;;;;;;;x
PROV637;Whitevale;Whitevale;Whitevale;;;;;;;;;x
PROV638;Moonlight Pass;Moonlight Pass;Moonlight Pass;;;;;;;;;x
PROV639;Last Refuge;Last Refuge;Last Refuge;;;;;;;;;x
PROV640;Ice Rift;Ice Rift;Ice Rift;;;;;;;;;x
PROV641;Crow's Rest;Crow's Rest;Crow's Rest;;;;;;;;;x
PROV642;Meloncholy Estuary;Meloncholy Estuary;Meloncholy Estuary;;;;;;;;;x
PROV643;Tylex Peak;Tylex Peak;Tylex Peak;;;;;;;;;x
PROV644;Starlight Hills;Starlight Hills;Starlight Hills;;;;;;;;;x
PROV645;Reindeer Run;Reindeer Run;Reindeer Run;;;;;;;;;x
PROV646;Bounty Harbor;Bounty Harbor;Bounty Harbor;;;;;;;;;x
PROV647;Night's Chill;Night's Chill;Night's Chill;;;;;;;;;x
PROV648;Meloncholy Fjord;Meloncholy Fjord;Meloncholy Fjord;;;;;;;;;x
PROV649;Snowfort Mountain;Snowfort Mountain;Snowfort Mountain;;;;;;;;;x
PROV650;Snow Cone Dome;Snow Cone Dome;Snow Cone Dome;;;;;;;;;x
PROV651;Avalanche Alley;Avalanche Alley;Avalanche Alley;;;;;;;;;x
PROV652;Bleak Peak;Bleak Peak;Bleak Peak;;;;;;;;;x
PROV653;Hush Valley;Hush Valley;Hush Valley;;;;;;;;;x
PROV654;Mushroom Castle;Mushroom Castle;Mushroom Castle;;;;;;;;;x
PROV655;Mario's Pad;Mario's Pad;Mario's Pad;;;;;;;;;x
PROV656;Mushroom Way;Mushroom Way;Mushroom Way;;;;;;;;;x
PROV657;Bandit's Way;Bandit's Way;Bandit's Way;;;;;;;;;x
PROV658;Mushroom Mountains;Mushroom Mountains;Mushroom Mountains;;;;;;;;;x
PROV659;King's Pass;King's Pass;King's Pass;;;;;;;;;x
PROV660;Crownwood Forest;Crownwood Forest;Crownwood Forest;;;;;;;;;x
PROV661;Mushroom Harbor;Mushroom Harbor;Mushroom Harbor;;;;;;;;;x
PROV662;Crown Bay;Crown Bay;Crown Bay;;;;;;;;;x
PROV663;Hightop Flats;Hightop Flats;Hightop Flats;;;;;;;;;x
PROV664;Grand Staircase;Grand Staircase;Grand Staircase;;;;;;;;;x
PROV665;Icewater Bay;Icewater Bay;Icewater Bay;;;;;;;;;x
PROV666;Square Shore;Square Shore;Square Shore;;;;;;;;;x
PROV667;Mushroom Thicket;Mushroom Thicket;Mushroom Thicket;;;;;;;;;x
PROV668;Kero Sewers;Kero Sewers;Kero Sewers;;;;;;;;;x
PROV669;Midas River;Midas River;Midas River;;;;;;;;;x
PROV670;Tadpole Pond;Tadpole Pond;Tadpole Pond;;;;;;;;;x
PROV671;Rose Way;Rose Way;Rose Way;;;;;;;;;x
PROV672;Rose Town;Rose Town;Rose Town;;;;;;;;;x
PROV673;Pipe Vault;Pipe Vault;Pipe Vault;;;;;;;;;x
PROV674;Rose Forest Maze;Rose Forest Maze;Rose Forest Maze;;;;;;;;;x
PROV675;Shore Forest Maze;Shore Forest Maze;Shore Forest Maze;;;;;;;;;x
PROV676;Deep Forest Maze;Deep Forest Maze;Deep Forest Maze;;;;;;;;;x
PROV677;Mole Mountain;Mole Mountain;Mole Mountain;;;;;;;;;x
PROV678;Booster Tower;Booster Tower;Booster Tower;;;;;;;;;x
PROV679;Booster Hill;Booster Hill;Booster Hill;;;;;;;;;x
PROV680;Booster Pass;Booster Pass;Booster Pass;;;;;;;;;x
PROV681;Marrymore;Marrymore;Marrymore;;;;;;;;;x
PROV682;Boulder Field;Boulder Field;Boulder Field;;;;;;;;;x
PROV683;Booster Field;Booster Field;Booster Field;;;;;;;;;x
PROV684;Granite Flats;Granite Flats;Granite Flats;;;;;;;;;x
PROV685;Southport;Southport;Southport;;;;;;;;;x
PROV686;Pirate's Bluff;Pirate's Bluff;Pirate's Bluff;;;;;;;;;x
PROV687;Smuggler's Bay;Smuggler's Bay;Smuggler's Bay;;;;;;;;;x
PROV688;Mole Harbor;Mole Harbor;Mole Harbor;;;;;;;;;x
PROV689;Star Hill;Star Hill;Star Hill;;;;;;;;;x
PROV690;Seaside Town;Seaside Town;Seaside Town;;;;;;;;;x
PROV691;Salty Path;Salty Path;Salty Path;;;;;;;;;x
PROV692;Salty Beach;Salty Beach;Salty Beach;;;;;;;;;x
PROV693;Rolling Flats;Rolling Flats;Rolling Flats;;;;;;;;;x
PROV694;Lightning Bay;Lightning Bay;Lightning Bay;;;;;;;;;x
PROV695;Harbor Hold;Harbor Hold;Harbor Hold;;;;;;;;;x
PROV696;Rocky Fields;Rocky Fields;Rocky Fields;;;;;;;;;x
PROV697;Freshwater Beach;Freshwater Beach;Freshwater Beach;;;;;;;;;x
PROV698;Monstro Town;Monstro Town;Monstro Town;;;;;;;;;x
PROV699;Land's End;Land's End;Land's End;;;;;;;;;x
PROV700;Bean Valley;Bean Valley;Bean Valley;;;;;;;;;x
PROV701;Nimbus Land;Nimbus Land;Nimbus Land;;;;;;;;;x
PROV702;Belome Temple;Belome Temple;Belome Temple;;;;;;;;;x
PROV703;Cliff of Beasts;Cliff of Beasts;Cliff of Beasts;;;;;;;;;x
PROV704;Shadow Bay;Shadow Bay;Shadow Bay;;;;;;;;;x
PROV705;Sunrise Coast;Sunrise Coast;Sunrise Coast;;;;;;;;;x
PROV706;Savage Heights;Savage Heights;Savage Heights;;;;;;;;;x
PROV707;Long Fall Cliffs;Long Fall Cliffs;Long Fall Cliffs;;;;;;;;;x
PROV708;Tower of Sand;Tower of Sand;Tower of Sand;;;;;;;;;x
PROV709;Quartz Crag;Quartz Crag;Quartz Crag;;;;;;;;;x
PROV710;Mouth of the Barrel;Mouth of the Barrel;Mouth of the Barrel;;;;;;;;;x
PROV711;Sulfur Coast;Sulfur Coast;Sulfur Coast;;;;;;;;;x
PROV712;Potash Bay;Potash Bay;Potash Bay;;;;;;;;;x
PROV713;Burning Beach;Burning Beach;Burning Beach;;;;;;;;;x
PROV714;Ashen Slope;Ashen Slope;Ashen Slope;;;;;;;;;x
PROV715;Choking Cliffs;Choking Cliffs;Choking Cliffs;;;;;;;;;x
PROV716;Black Beach;Black Beach;Black Beach;;;;;;;;;x
PROV717;Caldera Cliff;Caldera Cliff;Caldera Cliff;;;;;;;;;x
PROV718;Barrel Slope;Barrel Slope;Barrel Slope;;;;;;;;;x
PROV719;Lava Hill;Lava Hill;Lava Hill;;;;;;;;;x
PROV720;Vista Hill;Vista Hill;Vista Hill;;;;;;;;;x
PROV721;Bowser's Keep;Bowser's Keep;Bowser's Keep;;;;;;;;;x
PROV722;Teeth Islands;Teeth Islands;Teeth Islands;;;;;;;;;x
PROV723;Bowser Bay;Bowser Bay;Bowser Bay;;;;;;;;;x
PROV724;Koopa Bay;Koopa Bay;Koopa Bay;;;;;;;;;x
PROV725;Frostbite Islands;Frostbite Islands;Frostbite Islands;;;;;;;;;x
PROV726;Koopa Cape;Koopa Cape;Koopa Cape;;;;;;;;;x
PROV727;Tranquil Bay;Tranquil Bay;Tranquil Bay;;;;;;;;;x
PROV728;Redstone Reach;Redstone Reach;Redstone Reach;;;;;;;;;x
PROV729;Icy Claw;Icy Claw;Icy Claw;;;;;;;;;x
PROV730;Dagger Coast;Dagger Coast;Dagger Coast;;;;;;;;;x
PROV731;Shattered Anchor;Shattered Anchor;Shattered Anchor;;;;;;;;;x
PROV732;Spikeline Shoreline;Spikeline Shoreline;Spikeline Shoreline;;;;;;;;;x
PROV733;Flaming Harbor;Flaming Harbor;Flaming Harbor;;;;;;;;;x
PROV734;Barren Badlands;Barren Badlands;Barren Badlands;;;;;;;;;x
PROV735;Lost Caves;Lost Caves;Lost Caves;;;;;;;;;x
PROV736;The Shadowlands;The Shadowlands;The Shadowlands;;;;;;;;;x
PROV737;The Turtle's Spine;The Turtle's Spine;The Turtle's Spine;;;;;;;;;x
PROV738;Thousand Needles;Thousand Needles;Thousand Needles;;;;;;;;;x
PROV739;Yo'ster Island;Yo'ster Island;Yo'ster Island;;;;;;;;;x
PROV740;Cool Cool Mountain;Cool Cool Mountain;Cool Cool Mountain;;;;;;;;;x
PROV741;Cold Cold Forest;Cold Cold Forest;Cold Cold Forest;;;;;;;;;x
PROV742;Raging Ravine;Raging Ravine;Raging Ravine;;;;;;;;;x
PROV743;Ice Castle;Ice Castle;Ice Castle;;;;;;;;;x
PROV744;Sherbet Land;Sherbet Land;Sherbet Land;;;;;;;;;x
PROV745;Snow Land;Snow Land;Snow Land;;;;;;;;;x
PROV746;Lethal Lava Land;Lethal Lava Land;Lethal Lava Land;;;;;;;;;x
PROV747;Snowman's Land;Snowman's Land;Snowman's Land;;;;;;;;;x
PROV748;Cubyrinth;Cubyrinth;Cubyrinth;;;;;;;;;x
PROV749;Frostown;Frostown;Frostown;;;;;;;;;x
PROV750;Icepeak;Icepeak;Icepeak;;;;;;;;;x
PROV751;Polastraits;Polastraits;Polastraits;;;;;;;;;x
PROV752;Sparkleton;Sparkleton;Sparkleton;;;;;;;;;x
PROV753;Christmas Village;Christmas Village;Christmas Village;;;;;;;;;x
PROV754;Goomstar Temple;Goomstar Temple;Goomstar Temple;;;;;;;;;x
PROV755;Infernum;Infernum;Infernum;;;;;;;;;x
PROV756;Frosty Frontier;Frosty Frontier;Frosty Frontier;;;;;;;;;x
PROV757;Frostbite Mountain;Frostbite Mountain;Frostbite Mountain;;;;;;;;;x
PROV758;Iceberg Alley;Iceberg Alley;Iceberg Alley;;;;;;;;;x
PROV759;Snow Cone Tundra;Snow Cone Tundra;Snow Cone Tundra;;;;;;;;;x
PROV760;Lethal Lava Volcano;Lethal Lava Volcano;Lethal Lava Volcano;;;;;;;;;x
PROV761;Silly Cliff;Silly Cliff;Silly Cliff;;;;;;;;;x
PROV762;Icy Cool Coast;Icy Cool Coast;Icy Cool Coast;;;;;;;;;x
PROV763;Frosty Field;Frosty Field;Frosty Field;;;;;;;;;x
PROV764;Biting Slopes;Biting Slopes;Biting Slopes;;;;;;;;;x
PROV765;Sulfur Fields;Sulfur Fields;Sulfur Fields;;;;;;;;;x
PROV766;Bitter Cold Glacier;Bitter Cold Glacier;Bitter Cold Glacier;;;;;;;;;x
PROV767;Penguin Village;Penguin Village;Penguin Village;;;;;;;;;x
PROV768;Bundle-up Bay;Bundle-up Bay;Bundle-up Bay;;;;;;;;;x
PROV769;Blizzardy Badlands;Blizzardy Badlands;Blizzardy Badlands;;;;;;;;;x
PROV770;Pyramid Plains;Pyramid Plains;Pyramid Plains;;;;;;;;;x
PROV771;Palm Pyramids;Palm Pyramids;Palm Pyramids;;;;;;;;;x
PROV772;Sphinx Caverns;Sphinx Caverns;Sphinx Caverns;;;;;;;;;x
PROV773;Bamboo Forest;Bamboo Forest;Bamboo Forest;;;;;;;;;x
PROV774;Sky Mountain Pass;Sky Mountain Pass;Sky Mountain Pass;;;;;;;;;x
PROV775;Sarasa Palace;Sarasa Palace;Sarasa Palace;;;;;;;;;x
PROV776;Coral Cove;Coral Cove;Coral Cove;;;;;;;;;x
PROV777;Calm Coast;Calm Coast;Calm Coast;;;;;;;;;x
PROV778;Pearl Beach;Pearl Beach;Pearl Beach;;;;;;;;;x
PROV779;Moai Flats;Moai Flats;Moai Flats;;;;;;;;;x
PROV780;Easton Caves;Easton Caves;Easton Caves;;;;;;;;;x
PROV781;Tiki Forest;Tiki Forest;Tiki Forest;;;;;;;;;x
PROV782;Upper Awazon;Upper Awazon;Upper Awazon;;;;;;;;;x
PROV783;Lower Awazon;Lower Awazon;Lower Awazon;;;;;;;;;x
PROV784;Deep Mines;Deep Mines;Deep Mines;;;;;;;;;x
PROV785;Shimmer Bank;Shimmer Bank;Shimmer Bank;;;;;;;;;x
PROV786;Awazon Estuary;Awazon Estuary;Awazon Estuary;;;;;;;;;x
PROV787;Sifter's Island;Sifter's Island;Sifter's Island;;;;;;;;;x
PROV788;Dense Awazon Jungle;Dense Awazon Jungle;Dense Awazon Jungle;;;;;;;;;x
PROV789;Awazon Plateau;Awazon Plateau;Awazon Plateau;;;;;;;;;x
PROV790;Golden Pyramid;Golden Pyramid;Golden Pyramid;;;;;;;;;x
PROV791;Daisy Circuit;Daisy Circuit;Daisy Circuit;;;;;;;;;x
PROV792;Daisy Hills;Daisy Hills;Daisy Hills;;;;;;;;;x
PROV793;Flower-koku;Flower-koku;Flower-koku;;;;;;;;;x
PROV794;George's Gorge;George's Gorge;George's Gorge;;;;;;;;;x
PROV795;Salt Coast;Salt Coast;Salt Coast;;;;;;;;;x
PROV796;Copper Coast;Copper Coast;Copper Coast;;;;;;;;;x
PROV797;Gold Coast;Gold Coast;Gold Coast;;;;;;;;;x
PROV798;Iron Coast;Iron Coast;Iron Coast;;;;;;;;;x
PROV799;Spice Coast;Spice Coast;Spice Coast;;;;;;;;;x
PROV800;Easton Range;Easton Range;Easton Range;;;;;;;;;x
PROV801;Tiki Town;Tiki Town;Tiki Town;;;;;;;;;x
PROV802;Kong Village;Kong Village;Kong Village;;;;;;;;;x
PROV803;Kongo Jungle;Kongo Jungle;Kongo Jungle;;;;;;;;;x
PROV804;Monkey Mines;Monkey Mines;Monkey Mines;;;;;;;;;x
PROV805;Vine Valley;Vine Valley;Vine Valley;;;;;;;;;x
PROV806;Gorilla Glacier;Gorilla Glacier;Gorilla Glacier;;;;;;;;;x
PROV807;Kremkroc Industries;Kremkroc Industries;Kremkroc Industries;;;;;;;;;x
PROV808;Chimp Caverns;Chimp Caverns;Chimp Caverns;;;;;;;;;x
PROV809;Banana Fairy Island;Banana Fairy Island;Banana Fairy Island;;;;;;;;;x
PROV810;Bonus Islands;Bonus Islands;Bonus Islands;;;;;;;;;x
PROV811;Sun Sun Island;Sun Sun Island;Sun Sun Island;;;;;;;;;x
PROV812;Lost Island;Lost Island;Lost Island;;;;;;;;;x
PROV813;Ghost Island;Ghost Island;Ghost Island;;;;;;;;;x
PROV814;Chill 'n' Char Island;Chill 'n' Char Island;Chill 'n' Char Island;;;;;;;;;x
PROV815;High-High Island;High-High Island;High-High Island;;;;;;;;;x
PROV816;Dawn Savanna;Dawn Savanna;Dawn Savanna;;;;;;;;;x
PROV817;Jungle Deeps;Jungle Deeps;Jungle Deeps;;;;;;;;;x
PROV818;Silver Snow Peak;Silver Snow Peak;Silver Snow Peak;;;;;;;;;x
PROV819;Sky Garden;Sky Garden;Sky Garden;;;;;;;;;x
PROV820;Monkey Fest;Monkey Fest;Monkey Fest;;;;;;;;;x
PROV821;Desert Oasis;Desert Oasis;Desert Oasis;;;;;;;;;x
PROV822;Massive Canyon;Massive Canyon;Massive Canyon;;;;;;;;;x
PROV823;Ice Warren;Ice Warren;Ice Warren;;;;;;;;;x
PROV824;Helibird Nest;Helibird Nest;Helibird Nest;;;;;;;;;x
PROV825;Spirit Tree;Spirit Tree;Spirit Tree;;;;;;;;;x
PROV826;Rumble Falls;Rumble Falls;Rumble Falls;;;;;;;;;x
PROV827;Pristine Sea;Pristine Sea;Pristine Sea;;;;;;;;;x
PROV828;Chopperbird Race;Chopperbird Race;Chopperbird Race;;;;;;;;;x
PROV829;Cactus Mine;Cactus Mine;Cactus Mine;;;;;;;;;x
PROV830;Sweet Paradise;Sweet Paradise;Sweet Paradise;;;;;;;;;x
PROV831;Primeval Ruins;Primeval Ruins;Primeval Ruins;;;;;;;;;x
PROV832;Aurora Glacier;Aurora Glacier;Aurora Glacier;;;;;;;;;x
PROV833;Grim Volcano;Grim Volcano;Grim Volcano;;;;;;;;;x
PROV834;Artic Plunge;Artic Plunge;Artic Plunge;;;;;;;;;x
PROV835;Ancient Foundry;Ancient Foundry;Ancient Foundry;;;;;;;;;x
PROV836;Iguanagon's Realm;Iguanagon's Realm;Iguanagon's Realm;;;;;;;;;x
PROV837;Banshee Swamp;Banshee Swamp;Banshee Swamp;;;;;;;;;x
PROV838;Storm Hill;Storm Hill;Storm Hill;;;;;;;;;x
PROV839;Aerie Fortress;Aerie Fortress;Aerie Fortress;;;;;;;;;x
PROV840;Deep Sea Sprint;Deep Sea Sprint;Deep Sea Sprint;;;;;;;;;x
PROV841;Clock Tower;Clock Tower;Clock Tower;;;;;;;;;x
PROV842;Helibird Dash;Helibird Dash;Helibird Dash;;;;;;;;;x
PROV843;Lava Cavern;Lava Cavern;Lava Cavern;;;;;;;;;x
PROV844;Cloudy Heights;Cloudy Heights;Cloudy Heights;;;;;;;;;x
PROV845;Magma Colliseum;Magma Colliseum;Magma Colliseum;;;;;;;;;x
PROV846;Ninjape Rally;Ninjape Rally;Ninjape Rally;;;;;;;;;x
PROV847;Asteriod Belt;Asteriod Belt;Asteriod Belt;;;;;;;;;x
PROV848;Crocodile Cauldron;Crocodile Cauldron;Crocodile Cauldron;;;;;;;;;x
PROV849;Krem Quay;Krem Quay;Krem Quay;;;;;;;;;x
PROV850;Krazy Kremland;Krazy Kremland;Krazy Kremland;;;;;;;;;x
PROV851;Gloomy Gulch;Gloomy Gulch;Gloomy Gulch;;;;;;;;;x
PROV852;K. Rool's Keep;K. Rool's Keep;K. Rool's Keep;;;;;;;;;x
PROV853;The Lost World;The Lost World;The Lost World;;;;;;;;;x
PROV854;Lake Orangatanga;Lake Orangatanga;Lake Orangatanga;;;;;;;;;x
PROV855;Kremwood Forest;Kremwood Forest;Kremwood Forest;;;;;;;;;x
PROV856;Mekanos;Mekanos;Mekanos;;;;;;;;;x
PROV857;Cotton-Top Cove;Cotton-Top Cove;Cotton-Top Cove;;;;;;;;;x
PROV858;K3;K3;K3;;;;;;;;;x
PROV859;Razor Ridge;Razor Ridge;Razor Ridge;;;;;;;;;x
PROV860;KAOS Kore;KAOS Kore;KAOS Kore;;;;;;;;;x
PROV861;Pacifica;Pacifica;Pacifica;;;;;;;;;x
PROV862;Krematoa;Krematoa;Krematoa;;;;;;;;;x
PROV863;Cape Codswallop;Cape Codswallop;Cape Codswallop;;;;;;;;;x
PROV864;Ford Knocks;Ford Knocks;Ford Knocks;;;;;;;;;x
PROV865;Mill Hill;Mill Hill;Mill Hill;;;;;;;;;x
PROV866;Koco Channel;Koco Channel;Koco Channel;;;;;;;;;x
PROV867;Primate Plains;Primate Plains;Primate Plains;;;;;;;;;x
PROV868;Minkey Woods;Minkey Woods;Minkey Woods;;;;;;;;;x
PROV869;Black Ice Mountain;Black Ice Mountain;Black Ice Mountain;;;;;;;;;x
PROV870;Riverbank Mill;Riverbank Mill;Riverbank Mill;;;;;;;;;x
PROV871;Blackforest Plateau;Blackforest Plateau;Blackforest Plateau;;;;;;;;;x
PROV872;Vertigo Verge;Vertigo Verge;Vertigo Verge;;;;;;;;;x
PROV873;Jeopardy Jungle;Jeopardy Jungle;Jeopardy Jungle;;;;;;;;;x
PROV874;Great Ape Lake;Great Ape Lake;Great Ape Lake;;;;;;;;;x
PROV875;Factory Hill;Factory Hill;Factory Hill;;;;;;;;;x
PROV876;Tin Can Valley;Tin Can Valley;Tin Can Valley;;;;;;;;;x
PROV877;Tightrope Tropics;Tightrope Tropics;Tightrope Tropics;;;;;;;;;x
PROV878;Stalagmite Caverns;Stalagmite Caverns;Stalagmite Caverns;;;;;;;;;x
PROV879;Ductline Flats;Ductline Flats;Ductline Flats;;;;;;;;;x
PROV880;The Lost Land;The Lost Land;The Lost Land;;;;;;;;;x
PROV881;Bazaar Bay;Bazaar Bay;Bazaar Bay;;;;;;;;;x
PROV882;Funky Cove;Funky Cove;Funky Cove;;;;;;;;;x
PROV883;Bear Forest;Bear Forest;Bear Forest;;;;;;;;;x
PROV884;Bramble Headland;Bramble Headland;Bramble Headland;;;;;;;;;x
PROV885;Barter Beach;Barter Beach;Barter Beach;;;;;;;;;x
PROV886;Banana Bird Lake;Banana Bird Lake;Banana Bird Lake;;;;;;;;;x
PROV887;Lockjaw Falls;Lockjaw Falls;Lockjaw Falls;;;;;;;;;x
PROV888;Kremling Kamp;Kremling Kamp;Kremling Kamp;;;;;;;;;x
PROV889;Necky's Canyon;Necky's Canyon;Necky's Canyon;;;;;;;;;x
PROV890;Cactus Woods;Cactus Woods;Cactus Woods;;;;;;;;;x
PROV891;Madcap Mine;Madcap Mine;Madcap Mine;;;;;;;;;x
PROV892;Banana Bungalow;Banana Bungalow;Banana Bungalow;;;;;;;;;x
PROV893;Tropical Treetops;Tropical Treetops;Tropical Treetops;;;;;;;;;x
PROV894;Contraption Cave;Contraption Cave;Contraption Cave;;;;;;;;;x
PROV895;Puzzling Pyramid;Puzzling Pyramid;Puzzling Pyramid;;;;;;;;;x
PROV896;Jungle Ruins;Jungle Ruins;Jungle Ruins;;;;;;;;;x
PROV897;Treetop Temple;Treetop Temple;Treetop Temple;;;;;;;;;x
PROV898;Banana Ruins;Banana Ruins;Banana Ruins;;;;;;;;;x
PROV899;Dino Dino Jungle;Dino Dino Jungle;Dino Dino Jungle;;;;;;;;;x
PROV900;Jumpy Jungle;Jumpy Jungle;Jumpy Jungle;;;;;;;;;x
PROV901;Forbidden Forest;Forbidden Forest;Forbidden Forest;;;;;;;;;x
PROV902;Mt. Dynamite;Mt. Dynamite;Mt. Dynamite;;;;;;;;;x
PROV903;Scorching Canyon;Scorching Canyon;Scorching Canyon;;;;;;;;;x
PROV904;Mammoth Glacier;Mammoth Glacier;Mammoth Glacier;;;;;;;;;x
PROV905;Parched Palace;Parched Palace;Parched Palace;;;;;;;;;x
PROV906;Alpine Peak;Alpine Peak;Alpine Peak;;;;;;;;;x
PROV907;Bear Pines;Bear Pines;Bear Pines;;;;;;;;;x
PROV908;Grizzly Woods;Grizzly Woods;Grizzly Woods;;;;;;;;;x
PROV909;Salmon Hill;Salmon Hill;Salmon Hill;;;;;;;;;x
PROV910;Trout River Bend;Trout River Bend;Trout River Bend;;;;;;;;;x
PROV911;Salmon Shoreline;Salmon Shoreline;Salmon Shoreline;;;;;;;;;x
PROV912;Banana Bird Bay;Banana Bird Bay;Banana Bird Bay;;;;;;;;;x
PROV913;Rocky Heights;Rocky Heights;Rocky Heights;;;;;;;;;x
PROV914;Salty Shore;Salty Shore;Salty Shore;;;;;;;;;x
PROV915;Bear Mountain;Bear Mountain;Bear Mountain;;;;;;;;;x
PROV916;Rough Scrubland;Rough Scrubland;Rough Scrubland;;;;;;;;;x
PROV917;Monkey Marsh;Monkey Marsh;Monkey Marsh;;;;;;;;;x
PROV918;Screaming Peaks;Screaming Peaks;Screaming Peaks;;;;;;;;;x
PROV919;Fisher's Coast;Fisher's Coast;Fisher's Coast;;;;;;;;;x
PROV920;Eastern Lowlands;Eastern Lowlands;Eastern Lowlands;;;;;;;;;x
PROV921;Sherbet Island;Sherbet Island;Sherbet Island;;;;;;;;;x
PROV922;Snowflake Mountain;Snowflake Mountain;Snowflake Mountain;;;;;;;;;x
PROV923;Dino Domain;Dino Domain;Dino Domain;;;;;;;;;x
PROV924;Dragon Forest;Dragon Forest;Dragon Forest;;;;;;;;;x
PROV925;Taj Falls;Taj Falls;Taj Falls;;;;;;;;;x
PROV926;Timber Mountains;Timber Mountains;Timber Mountains;;;;;;;;;x
PROV927;Timber Hills;Timber Hills;Timber Hills;;;;;;;;;x
PROV928;Wavy Beach;Wavy Beach;Wavy Beach;;;;;;;;;x
PROV929;Gleam Glacier;Gleam Glacier;Gleam Glacier;;;;;;;;;x
PROV930;Shriek Mansion;Shriek Mansion;Shriek Mansion;;;;;;;;;x
PROV931;Ladida Plains;Ladida Plains;Ladida Plains;;;;;;;;;x
PROV932;Hoo's Wood;Hoo's Wood;Hoo's Wood;;;;;;;;;x
PROV933;Fury Volcano;Fury Volcano;Fury Volcano;;;;;;;;;x
PROV934;Bowser's Villa;Bowser's Villa;Bowser's Villa;;;;;;;;;x
PROV935;Lost Mangroves;Lost Mangroves;Lost Mangroves;;;;;;;;;x
PROV936;Autumn Heights;Autumn Heights;Autumn Heights;;;;;;;;;x
PROV937;Groovey Grassland;Groovey Grassland;Groovey Grassland;;;;;;;;;x
PROV938;Flashfire Fields;Flashfire Fields;Flashfire Fields;;;;;;;;;x
PROV939;Sea Breeze Cove;Sea Breeze Cove;Sea Breeze Cove;;;;;;;;;x
PROV940;Harvest Hill;Harvest Hill;Harvest Hill;;;;;;;;;x
PROV941;Fruit Forest;Fruit Forest;Fruit Forest;;;;;;;;;x
PROV942;Beehive Hill;Beehive Hill;Beehive Hill;;;;;;;;;x
PROV943;Juicy Jungle;Juicy Jungle;Juicy Jungle;;;;;;;;;x
PROV944;Secret Seclusion;Secret Seclusion;Secret Seclusion;;;;;;;;;x
PROV945;Wario's Island;Wario's Island;Wario's Island;;;;;;;;;x
PROV946;Waluigi Island;Waluigi Island;Waluigi Island;;;;;;;;;x
PROV947;Pi'illo Blimport;Pi'illo Blimport;Pi'illo Blimport;;;;;;;;;x
PROV948;Pi'illo Castle;Pi'illo Castle;Pi'illo Castle;;;;;;;;;x
PROV949;Muchrise Park;Muchrise Park;Muchrise Park;;;;;;;;;x
PROV950;Dozing Sands;Dozing Sands;Dozing Sands;;;;;;;;;x
PROV951;Wakeport;Wakeport;Wakeport;;;;;;;;;x
PROV952;Mount Pajamaja;Mount Pajamaja;Mount Pajamaja;;;;;;;;;x
PROV953;Driftwood Shore;Driftwood Shore;Driftwood Shore;;;;;;;;;x
PROV954;Somnom Woods;Somnom Woods;Somnom Woods;;;;;;;;;x
PROV955;Neo Bowser Castle;Neo Bowser Castle;Neo Bowser Castle;;;;;;;;;x
PROV956;Baseball Plaza;Baseball Plaza;Baseball Plaza;;;;;;;;;x
PROV957;DK Stadium;DK Stadium;DK Stadium;;;;;;;;;x
PROV958;Bowser Jr. Castle;Bowser Jr. Castle;Bowser Jr. Castle;;;;;;;;;x
PROV959;Peach's Stadium;Peach's Stadium;Peach's Stadium;;;;;;;;;x
PROV960;Yoshi Volcano;Yoshi Volcano;Yoshi Volcano;;;;;;;;;x
PROV961;Snowy Hill;Snowy Hill;Snowy Hill;;;;;;;;;x
PROV962;Dusty Savannah;Dusty Savannah;Dusty Savannah;;;;;;;;;x
PROV963;Hot Steamy Jungle;Hot Steamy Jungle;Hot Steamy Jungle;;;;;;;;;x
PROV964;Dark Forest;Dark Forest;Dark Forest;;;;;;;;;x
PROV965;Grassy Plain;Grassy Plain;Grassy Plain;;;;;;;;;x
PROV966;Super Bell Hill;Super Bell Hill;Super Bell Hill;;;;;;;;;x
PROV967;Mount Beanpole;Mount Beanpole;Mount Beanpole;;;;;;;;;x
PROV968;Grassland Castle;Grassland Castle;Grassland Castle;;;;;;;;;x
PROV969;Toad Hill;Toad Hill;Toad Hill;;;;;;;;;x
PROV970;Plunging Falls;Plunging Falls;Plunging Falls;;;;;;;;;x
PROV971;Conkdor Canyon;Conkdor Canyon;Conkdor Canyon;;;;;;;;;x
PROV972;Shadow-Play Alley;Shadow-Play Alley;Shadow-Play Alley;;;;;;;;;x
PROV973;Really Rolling Hills;Really Rolling Hills;Really Rolling Hills;;;;;;;;;x
PROV974;Sand Castle;Sand Castle;Sand Castle;;;;;;;;;x
PROV975;Snowball Park;Snowball Park;Snowball Park;;;;;;;;;x
PROV976;Shifty Boo Mansion;Shifty Boo Mansion;Shifty Boo Mansion;;;;;;;;;x
PROV977;Rammerhead Beach;Rammerhead Beach;Rammerhead Beach;;;;;;;;;x
PROV978;Marshmallow Fields;Marshmallow Fields;Marshmallow Fields;;;;;;;;;x
PROV979;Pipeline Lagoon;Pipeline Lagoon;Pipeline Lagoon;;;;;;;;;x
PROV980;Switchboard Falls;Switchboard Falls;Switchboard Falls;;;;;;;;;x
PROV981;Ice Castle;Ice Castle;Ice Castle;;;;;;;;;x
PROV982;Hisstocrat Island;Hisstocrat Island;Hisstocrat Island;;;;;;;;;x
PROV983;Mount Must Dash;Mount Must Dash;Mount Must Dash;;;;;;;;;x
PROV984;Icy Toad Island;Icy Toad Island;Icy Toad Island;;;;;;;;;x
PROV985;Chain Link Mountain;Chain Link Mountain;Chain Link Mountain;;;;;;;;;x
PROV986;Ant Trooper Hill;Ant Trooper Hill;Ant Trooper Hill;;;;;;;;;x
PROV987;Piranha Creeper Creek;Piranha Creeper Creek;Piranha Creeper Creek;;;;;;;;;x
PROV988;Brolder Island;Brolder Island;Brolder Island;;;;;;;;;x
PROV989;Brolder Toad House;Brolder Toad House;Brolder Toad House;;;;;;;;;x
PROV990;Beep Block Skyway;Beep Block Skyway;Beep Block Skyway;;;;;;;;;x
PROV991;Big Bounce Byway;Big Bounce Byway;Big Bounce Byway;;;;;;;;;x
PROV992;Mystery House;Mystery House;Mystery House;;;;;;;;;x
PROV993;Spike's Lost City;Spike's Lost City;Spike's Lost City;;;;;;;;;x
PROV994;Arid Castle;Arid Castle;Arid Castle;;;;;;;;;x
PROV995;Sunshine Seaside;Sunshine Seaside;Sunshine Seaside;;;;;;;;;x
PROV996;Peek-a-boo Hill;Peek-a-boo Hill;Peek-a-boo Hill;;;;;;;;;x
PROV997;Oceanic Midpoint Island;Oceanic Midpoint Island;Oceanic Midpoint Island;;;;;;;;;x
PROV998;Bustling City;Bustling City;Bustling City;;;;;;;;;x
PROV999;Foggy Toad Island;Foggy Toad Island;Foggy Toad Island;;;;;;;;;x
PROV1000;Sprawling Savannah;Sprawling Savannah;Sprawling Savannah;;;;;;;;;x
PROV1001;Tricky Trapeze Theater;Tricky Trapeze Theater;Tricky Trapeze Theater;;;;;;;;;x
PROV1002;Cakewalk Flip;Cakewalk Flip;Cakewalk Flip;;;;;;;;;x
PROV1003;Dusty Castle;Dusty Castle;Dusty Castle;;;;;;;;;x
PROV1004;Toadwood Heart;Toadwood Heart;Toadwood Heart;;;;;;;;;x
PROV1005;Jungle Jam;Jungle Jam;Jungle Jam;;;;;;;;;x
PROV1006;Upper Toadwood;Upper Toadwood;Upper Toadwood;;;;;;;;;x
PROV1007;Chimewood;Chimewood;Chimewood;;;;;;;;;x
PROV1008;Haunted Toadwood;Haunted Toadwood;Haunted Toadwood;;;;;;;;;x
PROV1009;Lower Toadwood;Lower Toadwood;Lower Toadwood;;;;;;;;;x
PROV1010;Urnwood;Urnwood;Urnwood;;;;;;;;;x
PROV1011;Misery Clearing;Misery Clearing;Misery Clearing;;;;;;;;;x
PROV1012;Thickwood;Thickwood;Thickwood;;;;;;;;;x
PROV1013;Toadwood Beach;Toadwood Beach;Toadwood Beach;;;;;;;;;x
PROV1014;Toadwood Bay;Toadwood Bay;Toadwood Bay;;;;;;;;;x
PROV1015;Toadwood Flats;Toadwood Flats;Toadwood Flats;;;;;;;;;x
PROV1016;Grass Land;Grass Land;Grass Land;;;;;;;;;x
PROV1017;Mushroom Land;Mushroom Land;Mushroom Land;;;;;;;;;x
PROV1018;Pipe Island;Pipe Island;Pipe Island;;;;;;;;;x
PROV1019;Crescent Coast;Crescent Coast;Crescent Coast;;;;;;;;;x
PROV1020;Spirit Mountain;Spirit Mountain;Spirit Mountain;;;;;;;;;x
PROV1021;Light Float Castle;Light Float Castle;Light Float Castle;;;;;;;;;x
PROV1022;Cornice Cave;Cornice Cave;Cornice Cave;;;;;;;;;x
PROV1023;Ghost Mansion;Ghost Mansion;Ghost Mansion;;;;;;;;;x
PROV1024;Dark Sea;Dark Sea;Dark Sea;;;;;;;;;x
PROV1025;Dark Float Castle;Dark Float Castle;Dark Float Castle;;;;;;;;;x
PROV1026;Bowser's Castle;Bowser's Castle;Bowser's Castle;;;;;;;;;x
PROV1027;Snowy Fields;Snowy Fields;Snowy Fields;;;;;;;;;x
PROV1028;Autumn Fields;Autumn Fields;Autumn Fields;;;;;;;;;x
PROV1029;Forgetti;Forgetti;Forgetti;;;;;;;;;x
PROV1030;Bald Mountain;Bald Mountain;Bald Mountain;;;;;;;;;x
PROV1031;Whomp's Forest;Whomp's Forest;Whomp's Forest;;;;;;;;;x
PROV1032;Kappa Isle;Kappa Isle;Kappa Isle;;;;;;;;;x
PROV1033;Lemon Soda Ocean Coast;Lemon Soda Ocean Coast;Lemon Soda Ocean Coast;;;;;;;;;x
PROV1034;Lemon Soda Ocean Trench;Lemon Soda Ocean Trench;Lemon Soda Ocean Trench;;;;;;;;;x
PROV1035;Yoshi's Island Coast;Yoshi's Island Coast;Yoshi's Island Coast;;;;;;;;;x
PROV1036;Donut Coast;Donut Coast;Donut Coast;;;;;;;;;x
PROV1037;Vanilla Coast;Vanilla Coast;Vanilla Coast;;;;;;;;;x
PROV1038;Cheese Coast;Cheese Coast;Cheese Coast;;;;;;;;;x
PROV1039;Lemon Soda Reach;Lemon Soda Reach;Lemon Soda Reach;;;;;;;;;x
PROV1040;Soda Sea;Soda Sea;Soda Sea;;;;;;;;;x
PROV1041;Lemon Soda Deep;Lemon Soda Deep;Lemon Soda Deep;;;;;;;;;x
PROV1042;Dinosaurward Coast;Dinosaurward Coast;Dinosaurward Coast;;;;;;;;;x
PROV1043;Seasideward Coast;Seasideward Coast;Seasideward Coast;;;;;;;;;x
PROV1044;Deep Coast;Deep Coast;Deep Coast;;;;;;;;;x
PROV1045;Marioward Coast;Marioward Coast;Marioward Coast;;;;;;;;;x
PROV1046;Seaside Coast;Seaside Coast;Seaside Coast;;;;;;;;;x
PROV1047;Frigid Ocean;Frigid Ocean;Frigid Ocean;;;;;;;;;x
PROV1048;Beanbean Bay;Beanbean Bay;Beanbean Bay;;;;;;;;;x
PROV1049;Gwarhar Lagoon;Gwarhar Lagoon;Gwarhar Lagoon;;;;;;;;;x
PROV1050;Oho Bay;Oho Bay;Oho Bay;;;;;;;;;x
PROV1051;Kero Inlet;Kero Inlet;Kero Inlet;;;;;;;;;x
PROV1052;Chucklehuck Coast;Chucklehuck Coast;Chucklehuck Coast;;;;;;;;;x
PROV1053;Anuran Waters;Anuran Waters;Anuran Waters;;;;;;;;;x
PROV1054;Muda Cove;Muda Cove;Muda Cove;;;;;;;;;x
PROV1055;Toad Town Harbor;Toad Town Harbor;Toad Town Harbor;;;;;;;;;x
PROV1056;Delfino Sea Lane;Delfino Sea Lane;Delfino Sea Lane;;;;;;;;;x
PROV1057;Airstrip Straights;Airstrip Straights;Airstrip Straights;;;;;;;;;x
PROV1058;Corona Coast;Corona Coast;Corona Coast;;;;;;;;;x
PROV1059;Pianta Coast;Pianta Coast;Pianta Coast;;;;;;;;;x
PROV1060;Pianta Cove;Pianta Cove;Pianta Cove;;;;;;;;;x
PROV1061;Sirena Straights;Sirena Straights;Sirena Straights;;;;;;;;;x
PROV1062;Gelato Bay;Gelato Bay;Gelato Bay;;;;;;;;;x
PROV1063;Ricco Harbor;Ricco Harbor;Ricco Harbor;;;;;;;;;x
PROV1064;Pinna Bay;Pinna Bay;Pinna Bay;;;;;;;;;x
PROV1065;Northern Crab Coast;Northern Crab Coast;Northern Crab Coast;;;;;;;;;x
PROV1066;Artglio Bay;Artglio Bay;Artglio Bay;;;;;;;;;x
PROV1067;Southern Crab Coast;Southern Crab Coast;Southern Crab Coast;;;;;;;;;x
PROV1068;Western Crab Coast;Western Crab Coast;Western Crab Coast;;;;;;;;;x
PROV1069;Minnow Coast;Minnow Coast;Minnow Coast;;;;;;;;;x
PROV1070;West Flipper Approach;West Flipper Approach;West Flipper Approach;;;;;;;;;x
PROV1071;Northern Turtle Approach;Northern Turtle Approach;Northern Turtle Approach;;;;;;;;;x
PROV1072;East Flipper Approach;East Flipper Approach;East Flipper Approach;;;;;;;;;x
PROV1073;South Turtle Sea;South Turtle Sea;South Turtle Sea;;;;;;;;;x
PROV1074;Citrus Eel Bay;Citrus Eel Bay;Citrus Eel Bay;;;;;;;;;x
PROV1075;Eel Tail Calm;Eel Tail Calm;Eel Tail Calm;;;;;;;;;x
PROV1076;Straights of the Eel;Straights of the Eel;Straights of the Eel;;;;;;;;;x
PROV1077;Eel's Maw Cove;Eel's Maw Cove;Eel's Maw Cove;;;;;;;;;x
PROV1078;Jelly Pepper Approach;Jelly Pepper Approach;Jelly Pepper Approach;;;;;;;;;x
PROV1079;Spice Trader Bay;Spice Trader Bay;Spice Trader Bay;;;;;;;;;x
PROV1080;Pepper Inlet;Pepper Inlet;Pepper Inlet;;;;;;;;;x
PROV1081;Tentacle Cove;Tentacle Cove;Tentacle Cove;;;;;;;;;x
PROV1082;Eastern Stinger Approach;Eastern Stinger Approach;Eastern Stinger Approach;;;;;;;;;x
PROV1083;Southern Two Fish Bay;Southern Two Fish Bay;Southern Two Fish Bay;;;;;;;;;x
PROV1084;Northern Two Fish Bay;Northern Two Fish Bay;Northern Two Fish Bay;;;;;;;;;x
PROV1085;Angelfish Bay;Angelfish Bay;Angelfish Bay;;;;;;;;;x
PROV1086;Fishfin Coast;Fishfin Coast;Fishfin Coast;;;;;;;;;x
PROV1087;Fishhead Approach;Fishhead Approach;Fishhead Approach;;;;;;;;;x
PROV1088;Dorsal Bay;Dorsal Bay;Dorsal Bay;;;;;;;;;x
PROV1089;Sarasa Ocean;Sarasa Ocean;Sarasa Ocean;;;;;;;;;x
PROV1090;Rare Approach Dead Zone;Rare Approach Dead Zone;Rare Approach Dead Zone;;;;;;;;;x
PROV1091;Western Blue Ocean;Western Blue Ocean;Western Blue Ocean;;;;;;;;;x
PROV1092;Eastern Blue Ocean;Eastern Blue Ocean;Eastern Blue Ocean;;;;;;;;;x
PROV1093;Northern Blue Ocean;Northern Blue Ocean;Northern Blue Ocean;;;;;;;;;x
PROV1094;Eastern Arctic Ocean;Eastern Arctic Ocean;Eastern Arctic Ocean;;;;;;;;;x
PROV1095;Arctic Ocean;Arctic Ocean;Arctic Ocean;;;;;;;;;x
PROV1096;Toad Cove;Toad Cove;Toad Cove;;;;;;;;;x
PROV1097;North Cavi Cape;North Cavi Cape;North Cavi Cape;;;;;;;;;x
PROV1098;South Cavi Cape;South Cavi Cape;South Cavi Cape;;;;;;;;;x
PROV1099;Plack Coast;Plack Coast;Plack Coast;;;;;;;;;x
PROV1100;Goomba Coast;Goomba Coast;Goomba Coast;;;;;;;;;x
PROV1101;Koopa Cape;Koopa Cape;Koopa Cape;;;;;;;;;x
PROV1102;Diamond Bay;Diamond Bay;Diamond Bay;;;;;;;;;x
PROV1103;Baseball Island;Baseball Island;Baseball Island;;;;;;;;;x
PROV1104;Sparkling Waters;Sparkling Waters;Sparkling Waters;;;;;;;;;x
PROV1105;Royal Desert Coast;Royal Desert Coast;Royal Desert Coast;;;;;;;;;x
PROV1106;Southern Desert Hill Channel;Southern Desert Hill Channel;Southern Desert Hill Channel;;;;;;;;;x
PROV1107;Northern Desert Hill Channel;Northern Desert Hill Channel;Northern Desert Hill Channel;;;;;;;;;x
PROV1108;Pipe Maze Straights;Pipe Maze Straights;Pipe Maze Straights;;;;;;;;;x
PROV1109;Grass Land Coast;Grass Land Coast;Grass Land Coast;;;;;;;;;x
PROV1110;Drybake Coast;Drybake Coast;Drybake Coast;;;;;;;;;x
PROV1111;Decalburg Bay;Decalburg Bay;Decalburg Bay;;;;;;;;;x
PROV1112;Leaflitter Inlet;Leaflitter Inlet;Leaflitter Inlet;;;;;;;;;x
PROV1113;Big City Bay;Big City Bay;Big City Bay;;;;;;;;;x
PROV1114;Castaway Islands;Castaway Islands;Castaway Islands;;;;;;;;;x
PROV1115;Dolphin Coast;Dolphin Coast;Dolphin Coast;;;;;;;;;x
PROV1116;Eastern Mushroom Cape;Eastern Mushroom Cape;Eastern Mushroom Cape;;;;;;;;;x
PROV1117;Eastern  Mushroom Cape;Eastern  Mushroom Cape;Eastern  Mushroom Cape;;;;;;;;;x
PROV1118;Cheep Cheep Approach;Cheep Cheep Approach;Cheep Cheep Approach;;;;;;;;;x
PROV1119;Waluigi's Island;Waluigi's Island;Waluigi's Island;;;;;;;;;x
PROV1120;Wario's Island;Wario's Island;Wario's Island;;;;;;;;;x
PROV1121;Fungus Coast;Fungus Coast;Fungus Coast;;;;;;;;;x
PROV1122;Shroom Bay;Shroom Bay;Shroom Bay;;;;;;;;;x
PROV1123;Happy Harbor;Happy Harbor;Happy Harbor;;;;;;;;;x
PROV1124;Southern Fruit Kingdoms;Southern Fruit Kingdoms;Southern Fruit Kingdoms;;;;;;;;;x
PROV1125;Shy Guy Islands;Shy Guy Islands;Shy Guy Islands;;;;;;;;;x
PROV1126;Secret Island;Secret Island;Secret Island;;;;;;;;;x
PROV1127;Secluded Approach;Secluded Approach;Secluded Approach;;;;;;;;;x
PROV1128;Mangrove Sea;Mangrove Sea;Mangrove Sea;;;;;;;;;x
PROV1129;Autumn Isles;Autumn Isles;Autumn Isles;;;;;;;;;x
PROV1130;Savannah Shoal;Savannah Shoal;Savannah Shoal;;;;;;;;;x
PROV1131;Sea Breeze Current;Sea Breeze Current;Sea Breeze Current;;;;;;;;;x
PROV1132;Fruit Juice Approach;Fruit Juice Approach;Fruit Juice Approach;;;;;;;;;x
PROV1133;Southern Sea of Kong;Southern Sea of Kong;Southern Sea of Kong;;;;;;;;;x
PROV1134;Northern Sea of Kong;Northern Sea of Kong;Northern Sea of Kong;;;;;;;;;x
PROV1135;Bonus Islands;Bonus Islands;Bonus Islands;;;;;;;;;x
PROV1136;Banana Fairy Seamounts;Banana Fairy Seamounts;Banana Fairy Seamounts;;;;;;;;;x
PROV1137;Crocodile Coast;Crocodile Coast;Crocodile Coast;;;;;;;;;x
PROV1138;Starfruit and Pepper Islands;Starfruit and Pepper Islands;Starfruit and Pepper Islands;;;;;;;;;x
PROV1139;Middle Fruit Kingdoms;Middle Fruit Kingdoms;Middle Fruit Kingdoms;;;;;;;;;x
PROV1140;Swingin' Straits;Swingin' Straits;Swingin' Straits;;;;;;;;;x
PROV1141;Northern Swingin' Chain;Northern Swingin' Chain;Northern Swingin' Chain;;;;;;;;;x
PROV1142;Southern Swingin' Chain;Southern Swingin' Chain;Southern Swingin' Chain;;;;;;;;;x
PROV1143;Arctic Fruit Kingdoms;Arctic Fruit Kingdoms;Arctic Fruit Kingdoms;;;;;;;;;x
PROV1144;Mammoth Coast;Mammoth Coast;Mammoth Coast;;;;;;;;;x
PROV1145;Vibe-Timber Channel;Vibe-Timber Channel;Vibe-Timber Channel;;;;;;;;;x
PROV1146;Vibe Coast;Vibe Coast;Vibe Coast;;;;;;;;;x
PROV1147;Timber Coast;Timber Coast;Timber Coast;;;;;;;;;x
PROV1148;Piscene Coast;Piscene Coast;Piscene Coast;;;;;;;;;x
PROV1149;Rough Coast;Rough Coast;Rough Coast;;;;;;;;;x
PROV1150;Krem Jungle Coast;Krem Jungle Coast;Krem Jungle Coast;;;;;;;;;x
PROV1151;Dino Coast;Dino Coast;Dino Coast;;;;;;;;;x
PROV1152;Misty Coast;Misty Coast;Misty Coast;;;;;;;;;x
PROV1153;Crocodile Bay;Crocodile Bay;Crocodile Bay;;;;;;;;;x
PROV1154;Kremling Seamounts;Kremling Seamounts;Kremling Seamounts;;;;;;;;;x
PROV1155;Banana Bird Bay;Banana Bird Bay;Banana Bird Bay;;;;;;;;;x
PROV1156;Southern Jewelry Islands;Southern Jewelry Islands;Southern Jewelry Islands;;;;;;;;;x
PROV1157;Northern Jewelry Islands;Northern Jewelry Islands;Northern Jewelry Islands;;;;;;;;;x
PROV1158;Pillow Islands;Pillow Islands;Pillow Islands;;;;;;;;;x
PROV1159;Southeast Ocean Side;Southeast Ocean Side;Southeast Ocean Side;;;;;;;;;x
PROV1160;Thunder Island;Thunder Island;Thunder Island;;;;;;;;;x
PROV1161;Thunderous Straits;Thunderous Straits;Thunderous Straits;;;;;;;;;x
PROV1162;Mouth of Ocean Side Bay;Mouth of Ocean Side Bay;Mouth of Ocean Side Bay;;;;;;;;;x
PROV1163;Ocean Side Bay;Ocean Side Bay;Ocean Side Bay;;;;;;;;;x
PROV1164;Southern Lava Lava Island;Southern Lava Lava Island;Southern Lava Lava Island;;;;;;;;;x
PROV1165;Northern Lava Lava Island;Northern Lava Lava Island;Northern Lava Lava Island;;;;;;;;;x
PROV1166;Birabuto Bay;Birabuto Bay;Birabuto Bay;;;;;;;;;x
PROV1167;Chai Coast;Chai Coast;Chai Coast;;;;;;;;;x
PROV1168;Sprixie Canyon Bay;Sprixie Canyon Bay;Sprixie Canyon Bay;;;;;;;;;x
PROV1169;Ant Islands;Ant Islands;Ant Islands;;;;;;;;;x
PROV1170;Sprixie Canyon Approach;Sprixie Canyon Approach;Sprixie Canyon Approach;;;;;;;;;x
PROV1171;Toadstool Trench;Toadstool Trench;Toadstool Trench;;;;;;;;;x
PROV1172;Cheep Cheep Shoals;Cheep Cheep Shoals;Cheep Cheep Shoals;;;;;;;;;x
PROV1173;Blooper Reef;Blooper Reef;Blooper Reef;;;;;;;;;x
PROV1174;Rugged Countercurrent;Rugged Countercurrent;Rugged Countercurrent;;;;;;;;;x
PROV1175;Canyon Sprixie Current;Canyon Sprixie Current;Canyon Sprixie Current;;;;;;;;;x
PROV1176;Mineral Coast;Mineral Coast;Mineral Coast;;;;;;;;;x
PROV1177;Floral Coast;Floral Coast;Floral Coast;;;;;;;;;x
PROV1178;Muda Coast;Muda Coast;Muda Coast;;;;;;;;;x
PROV1179;Yo'ster Island;Yo'ster Island;Yo'ster Island;;;;;;;;;x
PROV1180;Birabuto Coast;Birabuto Coast;Birabuto Coast;;;;;;;;;x
PROV1181;Daisy Coast;Daisy Coast;Daisy Coast;;;;;;;;;x
PROV1182;Deep Ocean Trench;Deep Ocean Trench;Deep Ocean Trench;;;;;;;;;x
PROV1183;Southern Cloud Sprixie Coast;Southern Cloud Sprixie Coast;Southern Cloud Sprixie Coast;;;;;;;;;x
PROV1184;Western Cloud Sprixie Coast;Western Cloud Sprixie Coast;Western Cloud Sprixie Coast;;;;;;;;;x
PROV1185;Northern Cloud Sprixie Coast;Northern Cloud Sprixie Coast;Northern Cloud Sprixie Coast;;;;;;;;;x
PROV1186;Eastern Cloud Sprixie Coast;Eastern Cloud Sprixie Coast;Eastern Cloud Sprixie Coast;;;;;;;;;x
PROV1187;Oceanic Midpoint;Oceanic Midpoint;Oceanic Midpoint;;;;;;;;;x
PROV1188;Midpoint Current;Midpoint Current;Midpoint Current;;;;;;;;;x
PROV1189;Dinosaur Ocean Trench;Dinosaur Ocean Trench;Dinosaur Ocean Trench;;;;;;;;;x
PROV1190;Dinosaur Approach;Dinosaur Approach;Dinosaur Approach;;;;;;;;;x
PROV1191;Southern Meadow Sprixie Coast;Southern Meadow Sprixie Coast;Southern Meadow Sprixie Coast;;;;;;;;;x
PROV1192;Northern Meadow Sprixie Coast;Northern Meadow Sprixie Coast;Northern Meadow Sprixie Coast;;;;;;;;;x
PROV1193;Western Desert Sprixie Coast;Western Desert Sprixie Coast;Western Desert Sprixie Coast;;;;;;;;;x
PROV1194;Eastern Desert Sprixie Coast;Eastern Desert Sprixie Coast;Eastern Desert Sprixie Coast;;;;;;;;;x
PROV1195;Straights of Gordon;Straights of Gordon;Straights of Gordon;;;;;;;;;x
PROV1196;Snowflake Straight;Snowflake Straight;Snowflake Straight;;;;;;;;;x
PROV1197;Brr Bay;Brr Bay;Brr Bay;;;;;;;;;x
PROV1198;Blizzard Cove;Blizzard Cove;Blizzard Cove;;;;;;;;;x
PROV1199;Iceberg Alley;Iceberg Alley;Iceberg Alley;;;;;;;;;x
PROV1200;Snowy Sea;Snowy Sea;Snowy Sea;;;;;;;;;x
PROV1201;Flurry Current;Flurry Current;Flurry Current;;;;;;;;;x
PROV1202;Ice Cube Coast;Ice Cube Coast;Ice Cube Coast;;;;;;;;;x
PROV1203;Iced Coast;Iced Coast;Iced Coast;;;;;;;;;x
PROV1204;Isea;Isea;Isea;;;;;;;;;x
PROV1205;Deep Frigid Trench;Deep Frigid Trench;Deep Frigid Trench;;;;;;;;;x
PROV1206;Great Frozen Bay;Great Frozen Bay;Great Frozen Bay;;;;;;;;;x
PROV1207;Sticker Sea;Sticker Sea;Sticker Sea;;;;;;;;;x
PROV1208;Icewater Cove;Icewater Cove;Icewater Cove;;;;;;;;;x
PROV1209;Straights of Bowser;Straights of Bowser;Straights of Bowser;;;;;;;;;x
PROV1210;Pack Ice Coast;Pack Ice Coast;Pack Ice Coast;;;;;;;;;x
PROV1211;Frostbite Sea;Frostbite Sea;Frostbite Sea;;;;;;;;;x
PROV1212;e Bay;e Bay;e Bay;;;;;;;;;x
PROV1213;Blackheart Coast;Blackheart Coast;Blackheart Coast;;;;;;;;;x
PROV1214;Sea of Nightmares;Sea of Nightmares;Sea of Nightmares;;;;;;;;;x
PROV1215;Cape of Bad Hope;Cape of Bad Hope;Cape of Bad Hope;;;;;;;;;x
PROV1216;Jealous Coast;Jealous Coast;Jealous Coast;;;;;;;;;x
PROV1217;Coast of Rage;Coast of Rage;Coast of Rage;;;;;;;;;x
PROV1218;Straights of Mist and Fog;Straights of Mist and Fog;Straights of Mist and Fog;;;;;;;;;x
PROV1219;Cloudy Coast;Cloudy Coast;Cloudy Coast;;;;;;;;;x
PROV1220;e Trench;e Trench;e Trench;;;;;;;;;x
PROV1221;Big Narrows;Big Narrows;Big Narrows;;;;;;;;;x
PROV1222;Oceanic Bay;Oceanic Bay;Oceanic Bay;;;;;;;;;x
PROV1223;Cape of Ocean Side;Cape of Ocean Side;Cape of Ocean Side;;;;;;;;;x
PROV1224;Oceanic Sea Breach;Oceanic Sea Breach;Oceanic Sea Breach;;;;;;;;;x
PROV1225;Cape of Beaches;Cape of Beaches;Cape of Beaches;;;;;;;;;x
PROV1226;Dusty Coast;Dusty Coast;Dusty Coast;;;;;;;;;x
PROV1227;Third Coast;Third Coast;Third Coast;;;;;;;;;x
PROV1228;Oceanic Straights;Oceanic Straights;Oceanic Straights;;;;;;;;;x
PROV1229;Blue Water Coast;Blue Water Coast;Blue Water Coast;;;;;;;;;x
PROV1230;Cloudy Straights;Cloudy Straights;Cloudy Straights;;;;;;;;;x
PROV1231;Narrow Bay;Narrow Bay;Narrow Bay;;;;;;;;;x
PROV1232;Mouth of Giants;Mouth of Giants;Mouth of Giants;;;;;;;;;x
PROV1233;Mushroom Approach;Mushroom Approach;Mushroom Approach;;;;;;;;;x
PROV1234;Great Mushroom Sea;Great Mushroom Sea;Great Mushroom Sea;;;;;;;;;x
PROV1235;Rogue Harbor;Rogue Harbor;Rogue Harbor;;;;;;;;;x
PROV1236;Bay of Petals;Bay of Petals;Bay of Petals;;;;;;;;;x
PROV1237;Twighlight Narrows;Twighlight Narrows;Twighlight Narrows;;;;;;;;;x
PROV1238;Keelhaul Straights;Keelhaul Straights;Keelhaul Straights;;;;;;;;;x
PROV1239;Cape Poshley;Cape Poshley;Cape Poshley;;;;;;;;;x
PROV1240;Twighlight Cove;Twighlight Cove;Twighlight Cove;;;;;;;;;x
PROV1241;Smuggler's Cove;Smuggler's Cove;Smuggler's Cove;;;;;;;;;x
PROV1242;Quiet Firth;Quiet Firth;Quiet Firth;;;;;;;;;x
PROV1243;Wet-Dry Harbor;Wet-Dry Harbor;Wet-Dry Harbor;;;;;;;;;x
PROV1244;Petal Approach;Petal Approach;Petal Approach;;;;;;;;;x
PROV1245;Heavenly Coast;Heavenly Coast;Heavenly Coast;;;;;;;;;x
PROV1246;Twilit Sea;Twilit Sea;Twilit Sea;;;;;;;;;x
PROV1247;Fruity Current;Fruity Current;Fruity Current;;;;;;;;;x
PROV1248;Fruity Countercurrent;Fruity Countercurrent;Fruity Countercurrent;;;;;;;;;x
PROV1249;Mushroom Deep;Mushroom Deep;Mushroom Deep;;;;;;;;;x
PROV1250;Rare Sea;Rare Sea;Rare Sea;;;;;;;;;x
PROV1251;The Great Calm;The Great Calm;The Great Calm;;;;;;;;;x
PROV1252;Boggly Coastline;Boggly Coastline;Boggly Coastline;;;;;;;;;x
PROV1253;Hideaway Bay;Hideaway Bay;Hideaway Bay;;;;;;;;;x
PROV1254;Fahr Coast;Fahr Coast;Fahr Coast;;;;;;;;;x
PROV1255;Magnetic Coast;Magnetic Coast;Magnetic Coast;;;;;;;;;x
PROV1256;Penguin Coast;Penguin Coast;Penguin Coast;;;;;;;;;x
PROV1257;Santa Sea;Santa Sea;Santa Sea;;;;;;;;;x
PROV1258;Icepeak Coast;Icepeak Coast;Icepeak Coast;;;;;;;;;x
PROV1259;Cool Cool Coastline;Cool Cool Coastline;Cool Cool Coastline;;;;;;;;;x
PROV1260;Sherbet Coast;Sherbet Coast;Sherbet Coast;;;;;;;;;x
PROV1261;Shivering Coastline;Shivering Coastline;Shivering Coastline;;;;;;;;;x
PROV1262;Ice Koopa Coast;Ice Koopa Coast;Ice Koopa Coast;;;;;;;;;x
PROV1263;Frosty Bay;Frosty Bay;Frosty Bay;;;;;;;;;x
PROV1264;Toadwood Bay;Toadwood Bay;Toadwood Bay;;;;;;;;;x
PROV1265;King's Cove;King's Cove;King's Cove;;;;;;;;;x
PROV1266;Shipwrecker Bay;Shipwrecker Bay;Shipwrecker Bay;;;;;;;;;x
PROV1267;Mole Gulf;Mole Gulf;Mole Gulf;;;;;;;;;x
PROV1268;Mole Harbor;Mole Harbor;Mole Harbor;;;;;;;;;x
PROV1269;Mole Coast;Mole Coast;Mole Coast;;;;;;;;;x
PROV1270;Shipwreck Sea;Shipwreck Sea;Shipwreck Sea;;;;;;;;;x
PROV1271;Monster Cove;Monster Cove;Monster Cove;;;;;;;;;x
PROV1272;Bay of Storms;Bay of Storms;Bay of Storms;;;;;;;;;x
PROV1273;Sea of Mario;Sea of Mario;Sea of Mario;;;;;;;;;x
PROV1274;Marionic Tidal Zone;Marionic Tidal Zone;Marionic Tidal Zone;;;;;;;;;x
PROV1275;Yoshi's Approach;Yoshi's Approach;Yoshi's Approach;;;;;;;;;x
PROV1276;Nimbus Coast;Nimbus Coast;Nimbus Coast;;;;;;;;;x
PROV1277;Sulphuric Coast;Sulphuric Coast;Sulphuric Coast;;;;;;;;;x
PROV1278;Rice Coast;Rice Coast;Rice Coast;;;;;;;;;x
PROV1279;Sherbet Ocean Region;Sherbet Ocean Region;Sherbet Ocean Region;;;;;;;;;x
PROV1280;Kitchen Coast;Kitchen Coast;Kitchen Coast;;;;;;;;;x
PROV1281;Kitchen Island Approach;Kitchen Island Approach;Kitchen Island Approach;;;;;;;;;x
PROV1282;Sea of Tranquility;Sea of Tranquility;Sea of Tranquility;;;;;;;;;x
PROV1283;Koopa Coast;Koopa Coast;Koopa Coast;;;;;;;;;x
PROV1284;Frozen Turtle Coast;Frozen Turtle Coast;Frozen Turtle Coast;;;;;;;;;x
PROV1285;Eastern Bowser Approach;Eastern Bowser Approach;Eastern Bowser Approach;;;;;;;;;x
PROV1286;North Coast of Toadwood;North Coast of Toadwood;North Coast of Toadwood;;;;;;;;;x
PROV1287;Hisstocrat Sea;Hisstocrat Sea;Hisstocrat Sea;;;;;;;;;x
PROV1288;Chain Link Coast;Chain Link Coast;Chain Link Coast;;;;;;;;;x
PROV1289;Frosted Ice Coast;Frosted Ice Coast;Frosted Ice Coast;;;;;;;;;x
PROV1290;Snowberg Alley;Snowberg Alley;Snowberg Alley;;;;;;;;;x
PROV1291;Northern Sprixie Sea;Northern Sprixie Sea;Northern Sprixie Sea;;;;;;;;;x
PROV1292;Steep Coast;Steep Coast;Steep Coast;;;;;;;;;x
PROV1293;Sandy Coast;Sandy Coast;Sandy Coast;;;;;;;;;x
PROV1294;Continental Dropoff;Continental Dropoff;Continental Dropoff;;;;;;;;;x
PROV1295;Beabbean Cove;Beabbean Cove;Beabbean Cove;;;;;;;;;x
PROV1296;Awazon River;Awazon River;Awazon River;;;;;;;;;x
PROV1297;Awazon River;Awazon River;Awazon River;;;;;;;;;x
PROV1298;Awazon River;Awazon River;Awazon River;;;;;;;;;x
PROV1299;Mouth of the Awazon;Mouth of the Awazon;Mouth of the Awazon;;;;;;;;;x
PROV1300;Midas Falls;Midas Falls;Midas Falls;;;;;;;;;x
PROV1301;Midas River;Midas River;Midas River;;;;;;;;;x
PROV1302;Vanilla Falls;Vanilla Falls;Vanilla Falls;;;;;;;;;x
PROV1303;Donut River;Donut River;Donut River;;;;;;;;;x
PROV1304;Banana Bird Falls;Banana Bird Falls;Banana Bird Falls;;;;;;;;;x
PROV1305;Bear River;Bear River;Bear River;;;;;;;;;x
PROV1306;Razor Falls;Razor Falls;Razor Falls;;;;;;;;;x
PROV1307;Bear Falls;Bear Falls;Bear Falls;;;;;;;;;x
PROV1308;Blackforest River;Blackforest River;Blackforest River;;;;;;;;;x
PROV1309;Blackforest River;Blackforest River;Blackforest River;;;;;;;;;x
PROV1310;Tropica River;Tropica River;Tropica River;;;;;;;;;x
PROV1311;Tropica River;Tropica River;Tropica River;;;;;;;;;x
PROV1312;Tropica River;Tropica River;Tropica River;;;;;;;;;x
PROV1313;Tropica River;Tropica River;Tropica River;;;;;;;;;x
PROV1314;Verge River;Verge River;Verge River;;;;;;;;;x
PROV1315;Monkey Falls;Monkey Falls;Monkey Falls;;;;;;;;;x
PROV1316;Minke Falls;Minke Falls;Minke Falls;;;;;;;;;x
PROV1317;Koco River;Koco River;Koco River;;;;;;;;;x
PROV1318;Koco River;Koco River;Koco River;;;;;;;;;x
PROV1319;Mill River;Mill River;Mill River;;;;;;;;;x
PROV1320;Salmon River;Salmon River;Salmon River;;;;;;;;;x
PROV1321;Salmon River;Salmon River;Salmon River;;;;;;;;;x
PROV1322;Salmon River;Salmon River;Salmon River;;;;;;;;;x
PROV1323;Salmon River;Salmon River;Salmon River;;;;;;;;;x
PROV1324;Salmon River;Salmon River;Salmon River;;;;;;;;;x
PROV1325;Salmon River;Salmon River;Salmon River;;;;;;;;;x
PROV1326;Salmon River;Salmon River;Salmon River;;;;;;;;;x
PROV1327;Salmon River;Salmon River;Salmon River;;;;;;;;;x
PROV1328;Salt River;Salt River;Salt River;;;;;;;;;x
PROV1329;Tylex River;Tylex River;Tylex River;;;;;;;;;x
PROV1330;Tylex River;Tylex River;Tylex River;;;;;;;;;x
PROV1331;Tylex River;Tylex River;Tylex River;;;;;;;;;x
PROV1332;Tylex River;Tylex River;Tylex River;;;;;;;;;x
PROV1333;Tylex River;Tylex River;Tylex River;;;;;;;;;x
PROV1334;Tylex River;Tylex River;Tylex River;;;;;;;;;x
PROV1335;Tylex River;Tylex River;Tylex River;;;;;;;;;x
PROV1336;Sprixie River;Sprixie River;Sprixie River;;;;;;;;;x
PROV1337;Star River;Star River;Star River;;;;;;;;;x
PROV1338;Star River;Star River;Star River;;;;;;;;;x
PROV1339;Star River;Star River;Star River;;;;;;;;;x
PROV1340;Star River;Star River;Star River;;;;;;;;;x
PROV1341;Star River;Star River;Star River;;;;;;;;;x
PROV1342;Star River;Star River;Star River;;;;;;;;;x
PROV1343;Star River;Star River;Star River;;;;;;;;;x
PROV1344;Star River;Star River;Star River;;;;;;;;;x
PROV1345;Star River;Star River;Star River;;;;;;;;;x
PROV1346;Star River;Star River;Star River;;;;;;;;;x
PROV1347;Star River;Star River;Star River;;;;;;;;;x
PROV1348;Star River;Star River;Star River;;;;;;;;;x
PROV1349;Mushroom River;Mushroom River;Mushroom River;;;;;;;;;x
PROV1350;Mushroom River;Mushroom River;Mushroom River;;;;;;;;;x
PROV1351;Mushroom River;Mushroom River;Mushroom River;;;;;;;;;x
PROV1352;Mushroom River;Mushroom River;Mushroom River;;;;;;;;;x
PROV1353;Mushroom River;Mushroom River;Mushroom River;;;;;;;;;x
PROV1354;Mushroom River;Mushroom River;Mushroom River;;;;;;;;;x
PROV1355;Mushroom River;Mushroom River;Mushroom River;;;;;;;;;x
PROV1356;Mushroom River;Mushroom River;Mushroom River;;;;;;;;;x
PROV1357;Mushroom River;Mushroom River;Mushroom River;;;;;;;;;x
PROV1358;Mushroom River;Mushroom River;Mushroom River;;;;;;;;;x
PROV1359;Mushroom River;Mushroom River;Mushroom River;;;;;;;;;x
PROV1360;Mushroom River;Mushroom River;Mushroom River;;;;;;;;;x
PROV1361;Koopa River;Koopa River;Koopa River;;;;;;;;;x
PROV1362;Koopa River;Koopa River;Koopa River;;;;;;;;;x
PROV1363;Koopa River;Koopa River;Koopa River;;;;;;;;;x
PROV1364;Koopa River;Koopa River;Koopa River;;;;;;;;;x
PROV1365;Cold River;Cold River;Cold River;;;;;;;;;x
PROV1366;Cold River;Cold River;Cold River;;;;;;;;;x
PROV1367;Cold River;Cold River;Cold River;;;;;;;;;x
PROV1368;Cold River;Cold River;Cold River;;;;;;;;;x
PROV1369;Cold River;Cold River;Cold River;;;;;;;;;x
PROV1370;Cold River;Cold River;Cold River;;;;;;;;;x
PROV1371;Cold River;Cold River;Cold River;;;;;;;;;x
PROV1372;Cold River;Cold River;Cold River;;;;;;;;;x
PROV1373;Cold River;Cold River;Cold River;;;;;;;;;x
PROV1374;Cold River;Cold River;Cold River;;;;;;;;;x
PROV1375;Cold River;Cold River;Cold River;;;;;;;;;x
PROV1376;Cold River;Cold River;Cold River;;;;;;;;;x
PROV1377;Cold River;Cold River;Cold River;;;;;;;;;x
PROV1378;Cold River;Cold River;Cold River;;;;;;;;;x
PROV1379;Cold River;Cold River;Cold River;;;;;;;;;x
PROV1380;Toad River;Toad River;Toad River;;;;;;;;;x
PROV1381;Toad River;Toad River;Toad River;;;;;;;;;x
PROV1382;Toad River;Toad River;Toad River;;;;;;;;;x
PROV1383;Garden River;Garden River;Garden River;;;;;;;;;x
PROV1384;Garden River;Garden River;Garden River;;;;;;;;;x
PROV1385;Boo River;Boo River;Boo River;;;;;;;;;x
PROV1386;Boo River;Boo River;Boo River;;;;;;;;;x
PROV1387;Boo River;Boo River;Boo River;;;;;;;;;x
PROV1388;Boo River;Boo River;Boo River;;;;;;;;;x
PROV1389;Boo River;Boo River;Boo River;;;;;;;;;x
PROV1390;Boo River;Boo River;Boo River;;;;;;;;;x
PROV1391;Rapid River;Rapid River;Rapid River;;;;;;;;;x
PROV1392;Rapid River;Rapid River;Rapid River;;;;;;;;;x
PROV1393;Fairy River;Fairy River;Fairy River;;;;;;;;;x
PROV1394;Fairy River;Fairy River;Fairy River;;;;;;;;;x
PROV1395;Fairy River;Fairy River;Fairy River;;;;;;;;;x
PROV1396;Fairy River;Fairy River;Fairy River;;;;;;;;;x
PROV1397;Fairy River;Fairy River;Fairy River;;;;;;;;;x
PROV1398;Fairy River;Fairy River;Fairy River;;;;;;;;;x
PROV1399;Fairy River;Fairy River;Fairy River;;;;;;;;;x
PROV1400;Yosu Rapids;Yosu Rapids;Yosu Rapids;;;;;;;;;x
PROV1401;Diamond River;Diamond River;Diamond River;;;;;;;;;x
PROV1402;Diamond River;Diamond River;Diamond River;;;;;;;;;x
PROV1403;Pacifica;Pacifica;Pacifica;;;;;;;;;x
PROV1404;Banana Bird Lake;Banana Bird Lake;Banana Bird Lake;;;;;;;;;x
PROV1405;Lake Orangatanga;Lake Orangatanga;Lake Orangatanga;;;;;;;;;x
PROV1406;Kremling Lake;Kremling Lake;Kremling Lake;;;;;;;;;x
PROV1407;Kremling Lake;Kremling Lake;Kremling Lake;;;;;;;;;x
PROV1408;Kremling Lake;Kremling Lake;Kremling Lake;;;;;;;;;x
PROV1409;Icy Lake;Icy Lake;Icy Lake;;;;;;;;;x
PROV1410;Lake Lodge;Lake Lodge;Lake Lodge;;;;;;;;;x
PROV1411;Roolenstein Lake;Roolenstein Lake;Roolenstein Lake;;;;;;;;;x
PROV1412;Kroc Pond;Kroc Pond;Kroc Pond;;;;;;;;;x
PROV1413;Miller Lake;Miller Lake;Miller Lake;;;;;;;;;x
PROV1414;Great Ape Lakes;Great Ape Lakes;Great Ape Lakes;;;;;;;;;x
PROV1415;Lake of the Vines;Lake of the Vines;Lake of the Vines;;;;;;;;;x
PROV1416;Crocodile Lake;Crocodile Lake;Crocodile Lake;;;;;;;;;x
PROV1417;Crocodile Lake;Crocodile Lake;Crocodile Lake;;;;;;;;;x
PROV1418;Crocodile Lake;Crocodile Lake;Crocodile Lake;;;;;;;;;x
PROV1419;Crocodile Lake;Crocodile Lake;Crocodile Lake;;;;;;;;;x
PROV1420;Crocodile Lake;Crocodile Lake;Crocodile Lake;;;;;;;;;x
PROV1421;Crocodile Lake;Crocodile Lake;Crocodile Lake;;;;;;;;;x
PROV1422;Upper Factory Lake;Upper Factory Lake;Upper Factory Lake;;;;;;;;;x
PROV1423;Lower Factory Lake;Lower Factory Lake;Lower Factory Lake;;;;;;;;;x
PROV1424;Timber Lake;Timber Lake;Timber Lake;;;;;;;;;x
PROV1425;Joy Lake;Joy Lake;Joy Lake;;;;;;;;;x
PROV1426;Lake of Fire;Lake of Fire;Lake of Fire;;;;;;;;;x
PROV1427;Big Moat;Big Moat;Big Moat;;;;;;;;;x
PROV1428;Rough Lake;Rough Lake;Rough Lake;;;;;;;;;x
PROV1429;Jungle Pond;Jungle Pond;Jungle Pond;;;;;;;;;x
PROV1430;Frozen Lake;Frozen Lake;Frozen Lake;;;;;;;;;x
PROV1431;Lethal Lava Land;Lethal Lava Land;Lethal Lava Land;;;;;;;;;x
PROV1432;Third Lake;Third Lake;Third Lake;;;;;;;;;x
PROV1433;Desert Oasis;Desert Oasis;Desert Oasis;;;;;;;;;x
PROV1434;Grassland Moat;Grassland Moat;Grassland Moat;;;;;;;;;x
PROV1435;Warm Fuzzy Lake;Warm Fuzzy Lake;Warm Fuzzy Lake;;;;;;;;;x
PROV1436;Damp Oasis;Damp Oasis;Damp Oasis;;;;;;;;;x
PROV1437;Gauntlet Pond;Gauntlet Pond;Gauntlet Pond;;;;;;;;;x
PROV1438;Strike Lake;Strike Lake;Strike Lake;;;;;;;;;x
PROV1439;Snowflake Lake;Snowflake Lake;Snowflake Lake;;;;;;;;;x
PROV1440;Chilly Lakes;Chilly Lakes;Chilly Lakes;;;;;;;;;x
PROV1441;Lake T;Lake T;Lake T;;;;;;;;;x
PROV1442;Yosu Lake;Yosu Lake;Yosu Lake;;;;;;;;;x
PROV1443;Cheep Cheep Lake;Cheep Cheep Lake;Cheep Cheep Lake;;;;;;;;;x
PROV1444;Park Lake;Park Lake;Park Lake;;;;;;;;;x
PROV1445;Boo Lake;Boo Lake;Boo Lake;;;;;;;;;x
PROV1446;Blubble Lake;Blubble Lake;Blubble Lake;;;;;;;;;x
PROV1447;Yoshi Lake;Yoshi Lake;Yoshi Lake;;;;;;;;;x
PROV1448;Turtleshell Lake;Turtleshell Lake;Turtleshell Lake;;;;;;;;;x
PROV1449;Soda Marsh;Soda Marsh;Soda Marsh;;;;;;;;;x
PROV1450;Fisheye Lake;Fisheye Lake;Fisheye Lake;;;;;;;;;x
PROV1451;Jade Jungle;Jade Jungle;Jade Jungle;;;;;;;;;x
PROV1452;Canyon Lake;Canyon Lake;Canyon Lake;;;;;;;;;x
PROV1453;Muda Lake;Muda Lake;Muda Lake;;;;;;;;;x
PROV1454;Awazon Basin;Awazon Basin;Awazon Basin;;;;;;;;;x
PROV1455;Yoshi's Island Lake;Yoshi's Island Lake;Yoshi's Island Lake;;;;;;;;;x
PROV1456;Donut Lake;Donut Lake;Donut Lake;;;;;;;;;x
PROV1457;Soda Lake;Soda Lake;Soda Lake;;;;;;;;;x
PROV1458;Kettle Lake;Kettle Lake;Kettle Lake;;;;;;;;;x
PROV1459;Toadwood Lake;Toadwood Lake;Toadwood Lake;;;;;;;;;x
PROV1460;Turtle Bog;Turtle Bog;Turtle Bog;;;;;;;;;x
PROV1461;Mushroom Swamp;Mushroom Swamp;Mushroom Swamp;;;;;;;;;x
PROV1462;Royal Lake;Royal Lake;Royal Lake;;;;;;;;;x
PROV1463;Tadpole Pond;Tadpole Pond;Tadpole Pond;;;;;;;;;x
PROV1464;Mushroom Sea;Mushroom Sea;Mushroom Sea;;;;;;;;;x
PROV1465;Mushroom Sea;Mushroom Sea;Mushroom Sea;;;;;;;;;x
PROV1466;Mushroom Sea;Mushroom Sea;Mushroom Sea;;;;;;;;;x
PROV1467;Mushroom Sea;Mushroom Sea;Mushroom Sea;;;;;;;;;x
PROV1468;Mushroom Sea;Mushroom Sea;Mushroom Sea;;;;;;;;;x
PROV1469;Mushroom Sea;Mushroom Sea;Mushroom Sea;;;;;;;;;x
PROV1470;Mushroom Sea;Mushroom Sea;Mushroom Sea;;;;;;;;;x
PROV1471;Sulphur Lake;Sulphur Lake;Sulphur Lake;;;;;;;;;x
PROV1472;Guffawha Lake;Guffawha Lake;Guffawha Lake;;;;;;;;;x
PROV1473;Chucklehuck Lake;Chucklehuck Lake;Chucklehuck Lake;;;;;;;;;x
PROV1474;Oasis;Oasis;Oasis;;;;;;;;;x
PROV1475;Turtleshell Lake;Turtleshell Lake;Turtleshell Lake;;;;;;;;;x
