#CODE;ENGLISH;;;;;;;;;;;;;x
PROV1;Rice Beach;Vesturland;Vestisland;;Isla Vest;;;;;;;;;x
PROV2;Mount Teapot;Austurland;Austisland;;Austisland;;;;;;;;;x
PROV3;Sherbet Land;Tyrconnell;Tyrconnell;;Tyrconnell;;;;;;;;;x
PROV4;Stove Canyon;Tyrone;Tyrone;;Tyrone;;;;;;;;;x
PROV5;Teacup Cove;Ulster;Ulster;;Úlster;;;;;;;;;x
PROV6;Parsley Forest;Blekinge;Blekinge;;Blekinge;;;;;;;;;x
PROV7;Syrup Castle;Oriel;Oriel;;Oriel;;;;;;;;;x
PROV8;Mario's Castle;Breifne;Breifne;;Breifne;;;;;;;;;x
PROV9;Mario's Toad House;Connacht;Connacht;;Connacht;;;;;;;;;x
PROV10;Mario Zone;Kildare;Kildare;;Kildare;;;;;;;;;x
PROV11;Pumpkin Zone;Dublin;Dublin;;Dublín;;;;;;;;;x
PROV12;Turtle Zone;Osraige;Ossory;;Ossory;;;;;;;;;x
PROV13;Macro Zone;Thomond;Thomond;;Thomond;;;;;;;;;x
PROV14;Hippo Zone;Desmond;Desmond;;Desmond;;;;;;;;;x
PROV15;Tree Zone;Ormond;Ormond;;Ormond;;;;;;;;;x
PROV16;Yoshi's Island 1;Leinster;Leinster;;Leinster;;;;;;;;;x
PROV17;Yoshi's Island 2;Hereford;Hereford;;Hereford;;;;;;;;;x
PROV18;Yoshi's Island 3;Dyfed;Dyfed;;Dyfed;;;;;;;;;x
PROV19;Yoshi's Island 4;Glamorgan;Glamorgan;;Glamorgan;;;;;;;;;x
PROV20;Yoshi's Island 5;Gwent;Gwent;;Gwent;;;;;;;;;x
PROV21;Donut Plains;Gloucester;Gloucester;;Gloucester;;;;;;;;;x
PROV22;Vanilla Dome;Oxford;Oxford;;Oxford;;;;;;;;;x
PROV23;Twin Bridges;Wiltshire;Wiltshire;;Wiltshire;;;;;;;;;x
PROV24;Forest of Illusion;Surrey;Surrey;;Surrey;;;;;;;;;x
PROV25;Chocolate Island;Sussex;Sussex;;Sussex;;;;;;;;;x
PROV26;Bowser's Reef;Winchester;Winchester;;Winchester;;;;;;;;;x
PROV27;Beanbean Castle;Somerset;Somerset;;Somerset;;;;;;;;;x
PROV28;Beanbean Airport;Dorset;Dorset;;Dorset;;;;;;;;;x
PROV29;Beanbean Swamp;Devon;Devon;;Devon;;;;;;;;;x
PROV30;Stardust Fields;Worcester;Worcester;;Worcester;;;;;;;;;x
PROV31;Hoohoo Village;Cornouailles;Cornwall;;Cornualles;;;;;;;;;x
PROV32;Hoohoo Mountain;Middlesex;Middlesex;;Middlesex;;;;;;;;;x
PROV33;Chateau;Féroé;Færeyar;;Færeyar;;;;;;;;;x
PROV34;Chucklehuck;Shetland;Shetland;;Shetland;;;;;;;;;x
PROV35;Woohoo;Les Hébrides;Die Hebriden;;Las Hébridas;;;;;;;;;x
PROV36;Oho Oasis;Orcades;Orkney;;Orkney;;;;;;;;;x
PROV37;Teehee Valley;Caithness;Caithness;;Caithness;;;;;;;;;x
PROV38;Little Fungitown;Teviotdale;Teviotdale;;Teviotdale;;;;;;;;;x
PROV39;Guffawha Ruins;Ross;Ross;;Ross;;;;;;;;;x
PROV40;Gwarhar Lagoon;Moray;Moray;;Moray;;;;;;;;;x
PROV41;Yoshi Theatre;Buchan;Buchan;;Buchan;;;;;;;;;x
PROV42;Joke's End;Strathearn;Strathearn;;Strathearn;;;;;;;;;x
PROV43;Beanbean Meadows;Gowrie;Gowrie;;Gowrie;;;;;;;;;x
PROV44;Delfino Airstrip;Atholl;Atholl;;Atholl;;;;;;;;;x
PROV45;Delfino Plaza;Argyll;Argyll;;Argyll;;;;;;;;;x
PROV46;Bianco Hills;Fife;Fife;;Fife;;;;;;;;;x
PROV47;Ricco Harbour;Clydesdale;Clydesdale;;Clydesdale;;;;;;;;;x
PROV48;Gelato Beach;Lothian;Lothian;;Lothian;;;;;;;;;x
PROV49;Pinna Island;Carrick;Carrick;;Carrick;;;;;;;;;x
PROV50;Sirena Beach;Galloway;Galloway;;Galloway;;;;;;;;;x
PROV51;Noki Bay;Dunbar;Dunbar;;Dunbar;;;;;;;;;x
PROV52;Pianta Village;Northumberland;Northumberland;;Northumberland;;;;;;;;;x
PROV53;Corona Mountain;Cumberland;Cumberland;;Cumberland;;;;;;;;;x
PROV54;Peach Beach;Île de Man;Isle of Man;;Isla de Man;;;;;;;;;x
PROV55;Big Fish Island;Westmorland;Westmorland;;Westmorland;;;;;;;;;x
PROV56;Little Fish Island;Durham;Durham;;Durham;;;;;;;;;x
PROV57;Pectoral Peninsula;York;York;;York;;;;;;;;;x
PROV58;Dorsal Fin Bay;Lancaster;Lancaster;;Lancaster;;;;;;;;;x
PROV59;Angelo Harbour;Chester;Chester;;Chester;;;;;;;;;x
PROV60;Angelo Hills;Perfeddwlad;Perfeddwlad;;Perfeddwlad;;;;;;;;;x
PROV61;Tailfin Bay;Lincoln;Lincoln;;Lincoln;;;;;;;;;x
PROV62;Grande Artiglio;Leicester;Leicester;;Leicester;;;;;;;;;x
PROV63;Piccolo Artiglio;Derby;Derby;;Derby;;;;;;;;;x
PROV64;Bocca Beach;Gwynedd;Gwynedd;;Gwynedd;;;;;;;;;x
PROV65;Fianco Harbour;Powys;Powys;;Powys;;;;;;;;;x
PROV66;Corrazza Mountains;Shrewsbury;Shrewsbury;;Shrewsbury;;;;;;;;;x
PROV67;Gamba Sinistra;Warwick;Warwick;;Warwick;;;;;;;;;x
PROV68;Gamba Destra;Northampton;Northampton;;Northampton;;;;;;;;;x
PROV69;Granchio Airport;Bedford;Bedford;;Bedford;;;;;;;;;x
PROV70;Booty Boardwalk;Norfolk;Norfolk;;Norfolk;;;;;;;;;x
PROV71;Minnow Island;Suffolk;Suffolk;;Suffolk;;;;;;;;;x
PROV72;Isle Tartaruga;Essex;Essex;;Essex;;;;;;;;;x
PROV73;Isle Cuore;Kent;Kent;;Kent;;;;;;;;;x
PROV74;Isle Zuccone;Guînes;Guines;;Güines;;;;;;;;;x
PROV75;Isle Liuto;Boulogne;Boulogne;;Boloña;;;;;;;;;x
PROV76;Isle Embricata;Ypres;Ypern;;Yperen;;;;;;;;;x
PROV77;Schiena Piatta;Artois;Artois;;Artois;;;;;;;;;x
PROV78;Koopa Kabana;Bruges;Brugge;;Brujas;;;;;;;;;x
PROV79;Jalapeno Beach;Zeeland;Zeeland;;Zeeland;;;;;;;;;x
PROV80;Habanero Harbour;Hollande;Holland;;Holanda;;;;;;;;;x
PROV81;Cayenne Cove;Frise Occidentale;Westfriesland;;Westfriesland;;;;;;;;;x
PROV82;Banana Bay;Sticht;Sticht;;Sticht;;;;;;;;;x
PROV83;Serrano Sound;Gueldre;Gelre;;Gelre;;;;;;;;;x
PROV84;Bell Highlands;Frise;Friesland;;Friesland;;;;;;;;;x
PROV85;Blood Orange Bay;Frise orientale;Ostfriesland;;Ostfriesland;;;;;;;;;x
PROV86;Sweet Orange Island;Oldenbourg;Oldenburg;;Oldemburgo;;;;;;;;;x
PROV87;Grapefruit Harbour;Osnabrück;Osnabrück;;Osnabrück;;;;;;;;;x
PROV88;Lemon Anchorage;Münster;Münster;;Münster;;;;;;;;;x
PROV89;Lime Lagoon;Clèves;Kleve;;Cléveris;;;;;;;;;x
PROV90;Tangerine Beach;Juliers;Jülich;;Jülich;;;;;;;;;x
PROV91;Lavalava Beach;Looz;Loon;;Loon;;;;;;;;;x
PROV92;Yoshi's Village;Bréda;Breda;;Breda;;;;;;;;;x
PROV93;Mt. Lavalava;Gand;Gent;;Gante;;;;;;;;;x
PROV94;North Jade Jungle;Hainaut;Hainaut;;Henao;;;;;;;;;x
PROV95;South Jade Jungle;Amiens;Amiens;;Amiens;;;;;;;;;x
PROV96;Toad Town;Eu;Eu;;Eu;;;;;;;;;x
PROV97;Peach's Castle;Rouen;Rouen;;Ruán;;;;;;;;;x
PROV98;West Goomba Road;Vexin;Vexin;;Vexin;;;;;;;;;x
PROV99;East Goomba Road;Évreux;Évreux;;Évreux;;;;;;;;;x
PROV100;Goomba Fortress;Mortain;Mortain;;Mortain;;;;;;;;;x
PROV101;Goomba Village;Rennes;Rennes;;Rennes;;;;;;;;;x
PROV102;Miracle Landing;Penthièvre;Penthievre;;Penthievre;;;;;;;;;x
PROV103;Koopa Village;Léon;Léon;;Léon;;;;;;;;;x
PROV104;Pleasant Path;Cornouaille;Cornouaille;;Cornualles;;;;;;;;;x
PROV105;Koopa Bros. Fortress;Vannes;Vannes;;Vannes;;;;;;;;;x
PROV106;East Forever Forest;Nantes;Nantes;;Nantes;;;;;;;;;x
PROV107;South Forever Forest;Anjou;Anjou;;Anjou;;;;;;;;;x
PROV108;Mario's House;Maine;Maine;;Maine;;;;;;;;;x
PROV109;Toad Cliffs;Vendôme;Vendôme;;Vendôme;;;;;;;;;x
PROV110;Flower Fields;Blois;Blois;;Blois;;;;;;;;;x
PROV111;Shooting Star Summit;Chartres;Chartres;;Chartres;;;;;;;;;x
PROV112;Star Way;Paris;Paris;;París;;;;;;;;;x
PROV113;Star Haven;Vermandois;Vermandois;;Vermandois;;;;;;;;;x
PROV114;Star Way;Champagne;Reims;;Reims;;;;;;;;;x
PROV115;Shiver City;Luxembourg;Luxembourg;;Luxemburgo;;;;;;;;;x
PROV116;Shiver Mountain;Liège;Lüttich;;Lieja;;;;;;;;;x
PROV117;Shiver Snowfield;Brabant;Brabant;;Brabante;;;;;;;;;x
PROV118;Starborn Valley;Trèves;Trier;;Tréveris;;;;;;;;;x
PROV119;Crystal Palace;Cologne;Köln;;Colonia;;;;;;;;;x
PROV120;Hollijolli Village;Göttingen;Göttingen;;Göttingen;;;;;;;;;x
PROV121;Season's Greens;Nassau;Nassau;;Nasáu;;;;;;;;;x
PROV122;Hollijolli Mushroom Patch;Leiningen;Leiningen;;Leiningen;;;;;;;;;x
PROV123;Luigi's Mansion;Mayence;Mainz;;Maguncia;;;;;;;;;x
PROV124;Luigi's New Mansion;Palatinat;Pfalz;;El Palatinado;;;;;;;;;x
PROV125;Gloomy Manor;Baden;Baden;;Baden;;;;;;;;;x
PROV126;Haunted Towers;Nordgau;Nordgau;;Nordgau;;;;;;;;;x
PROV127;Secret Mine;Lorraine;Lorraine;;Lorena;;;;;;;;;x
PROV128;Old Clockworks;Metz;Metz;;Metz;;;;;;;;;x
PROV129;Treacherous Mansion;Verdun;Verdun;;Verdún;;;;;;;;;x
PROV130;Acorn Plains;Troyes;Troyes;;Troyes;;;;;;;;;x
PROV131;Layer Cake Desert;Sens;Sens;;Sens;;;;;;;;;x
PROV132;Sparkling Waters;Auxerre;Auxerre;;Auxerre;;;;;;;;;x
PROV133;Frosted Glacier;Saintois;Saintois;;Saintois;;;;;;;;;x
PROV134;Soda Jungle;Sundgau;Sundgau;;Sundgau;;;;;;;;;x
PROV135;Rock Candy Mines;Bourgogne;Bourgogne;;Borgoña;;;;;;;;;x
PROV136;Secret Island;Dijon;Dijon;;Dijon;;;;;;;;;x
PROV137;Shivering Mountains;Nevers;Nevers;;Nevers;;;;;;;;;x
PROV138;Chilly Mountain;Orléans;Orléans;;Orléans;;;;;;;;;x
PROV139;Chilly Waters;Berry;Bourges;;Bourges;;;;;;;;;x
PROV140;Creepy Cavern;Touraine;Tours;;Tours;;;;;;;;;x
PROV141;Dark Path;Poitou;Poitiers;;Poitiers;;;;;;;;;x
PROV142;Horror Land;Thouars;Thouars;;Thouars;;;;;;;;;x
PROV143;Haunted Hideaway;Saintonge;Saintonge;;Saintonge;;;;;;;;;x
PROV144;Tycoon Town;Lusignan;Lusignan;;Lusignan;;;;;;;;;x
PROV145;Rainbow Castle;La Marche;La Marche;;La Marche;;;;;;;;;x
PROV146;Meadow Road;Bourbon;Bourbon;;Bourbon;;;;;;;;;x
PROV147;Mini-Game House;Limousin;Limousin;;Lemosín;;;;;;;;;x
PROV148;Mushroom Village;Angoulême;Angoulême;;Angulema;;;;;;;;;x
PROV149;Mini-Game Island;Guyenne;Bordeaux;;Burdeos;;;;;;;;;x
PROV150;Neon Heights;Albret;Marsan;;Marsan;;;;;;;;;x
PROV151;Shroom City;Lahourd;Dax;;Dax;;;;;;;;;x
PROV152;Toad Road;Navarre;Navarra;;Navarra;;;;;;;;;x
PROV153;Towering Treetop;Biscaye;Viscaya;;Vizcaya;;;;;;;;;x
PROV154;Frappe Snowland;Asturies;Asturias de Santillana;;Asturias de Santillana;;;;;;;;;x
PROV155;Ghost Valley;Oviedo;Asturias de Oviedo;;Asturias de Oviedo;;;;;;;;;x
PROV156;Koopa Beach;La Corogne;Coruña;;La Coruña;;;;;;;;;x
PROV157;Koopa Cape;Saint-Jacques-de-Compostelle;Santiago;;Santiago;;;;;;;;;x
PROV158;Maple Treeway;Porto;Porto;;Oporto;;;;;;;;;x
PROV159;Moo Moo Meadows;Coïmbra;Coimbra;;Coimbra;;;;;;;;;x
PROV160;Mount Wario;Lisbonne;Lisboa;;Lisboa;;;;;;;;;x
PROV161;Mushroom Bridge;Alcácer do Sal;Alcácer do Sal;;Alcácer do Sal;;;;;;;;;x
PROV162;Mushroom Gorge;Silves;Silves;;Silves;;;;;;;;;x
PROV163;Music Park;Faro;Faro;;Faro;;;;;;;;;x
PROV164;Peach Gardens;Niebla;Niebla;;Niebla;;;;;;;;;x
PROV165;Pipe Plaza;Cadix;Cadiz;;Cádiz;;;;;;;;;x
PROV166;Rainbow Road;Algésiras;Algeciras;;Algeciras;;;;;;;;;x
PROV167;Ribbon Road;Málaga;Malaga;;Málaga;;;;;;;;;x
PROV168;Riverside Park;Alméria;Almeria;;Almería;;;;;;;;;x
PROV169;Rock Rock Mountain;Murcie;Murcia;;Murcia;;;;;;;;;x
PROV170;Rock Rock Mountain;Dénia;Denia;;Denia;;;;;;;;;x
PROV171;Shroom Ridge;Valence;Valencia;;Valencia;;;;;;;;;x
PROV172;Sky Garden;Castellon;Castellon;;Castellón;;;;;;;;;x
PROV173;Sweet Sweet Canyon;Tarragone;Tarragona;;Tarragona;;;;;;;;;x
PROV174;Glare Desert;Albarracin;Albarracin;;Albarracín;;;;;;;;;x
PROV175;Boo Valley;Calatayud;Calatayud;;Calatayud;;;;;;;;;x
PROV176;Cheep Cheep Falls;Molina;Molina;;Molina;;;;;;;;;x
PROV177;Koopa Park;Cuenca;Cuenca;;Cuenca;;;;;;;;;x
PROV178;Lakitu Valley;La Mancha;La Mancha;;La Mancha;;;;;;;;;x
PROV179;Marion;Almansa;Almansa;;Almansa;;;;;;;;;x
PROV180;Mount Mushmore;Grenade;Granada;;Granada;;;;;;;;;x
PROV181;Sky Island;Cordoue;Cordoba;;Córdoba;;;;;;;;;x
PROV182;Toad Highlands;Séville;Sevilla;;Sevilla;;;;;;;;;x
PROV183;Mushroom Valley;Aracena;Aracena;;Aracena;;;;;;;;;x
PROV184;Battle Fort;Badajoz;Badajoz;;Badajoz;;;;;;;;;x
PROV185;Big Boo's Haunt;Mértola;Mértola;;Mértola;;;;;;;;;x
PROV186;Bob-omb Battlefield;Évora;Évora;;Évora;;;;;;;;;x
PROV187;Shifting Sand Land;Castelo Branco;Castelo Branco;;Castelo Branco;;;;;;;;;x
PROV188;Tall, Tall Mountain;Bragance;Bragança;;Braganza;;;;;;;;;x
PROV189;Whomp's Fortress;Astorga;Astorga;;Astorga;;;;;;;;;x
PROV190;Crater Field;León;Leon;;León;;;;;;;;;x
PROV191;Apple Mountain;Zamora;Zamora;;Zamora;;;;;;;;;x
PROV192;Caveman Land;Salamanque;Salamanca;;Salamanca;;;;;;;;;x
PROV193;Cramalot;Alcantara;Alcantara;;Alcántara;;;;;;;;;x
PROV194;Forest of Perpetual Night and Terrible Dangers;Plasencia;Plasencia;;Plasencia;;;;;;;;;x
PROV195;Dome City;Cacéres;Caceres;;Cáceres;;;;;;;;;x
PROV196;Spy Land;Calatrava;Calatrava;;Calatrava;;;;;;;;;x
PROV197;Fort Hard Knox;Tolède;Toledo;;Toledo;;;;;;;;;x
PROV198;Happy Harbour;Valladolid;Valladolid;;Valladolid;;;;;;;;;x
PROV199;Koopacropolis;Burgos;Burgos;;Burgos;;;;;;;;;x
PROV200;Land of Ice;Soria;Soria;;Soria;;;;;;;;;x
PROV201;Land of Romance;Nájera;Nájera;;Nájera;;;;;;;;;x
PROV202;Pasta Land;Saragosse;Saragossa;;Zaragoza;;;;;;;;;x
PROV203;Pastadena;Lérida;Lleida;;Lérida;;;;;;;;;x
PROV204;River World;Barcelone;Barcelona;;Barcelona;;;;;;;;;x
PROV205;Shamrock Kingdom;Empuries;Empuries;;Empúries;;;;;;;;;x
PROV206;Sharewood Forest;Urgell;Urgell;;Urgel;;;;;;;;;x
PROV207;Sharewood Village;Haut-Aragón;Alto Aragón;;Alto Aragón;;;;;;;;;x
PROV208;Pudding Wonderland;Béarn;Béarn;;Bearn;;;;;;;;;x
PROV209;Razor Ridge;Armagnac;Armagnac;;Armagnac;;;;;;;;;x
PROV210;Neon Hills;Foix;Foix;;Foix;;;;;;;;;x
PROV211;Star's Shadow;Roussillon;Rosello;;Rosellò;;;;;;;;;x
PROV212;Chilly Snowfield;Narbonne;Narbonne;;Narbona;;;;;;;;;x
PROV213;Pine Peaks;Carcassonne;Carcassonne;;Carcasona;;;;;;;;;x
PROV214;Cedar Hills;Toulouse;Toulouse;;Toulouse;;;;;;;;;x
PROV215;Sky High Mountain;Agen;Agen;;Agen;;;;;;;;;x
PROV216;Shivering Woods;Périgord;Périgord;;Périgord;;;;;;;;;x
PROV217;Toad Rift;Auvergne;Auvergne;;Auvernia;;;;;;;;;x
PROV218;Koopa Hollow;Rouergue;Rouergue;;Rouergue;;;;;;;;;x
PROV219;Steep Steep Cliffs;Gévaudan;Gévaudan;;Gévaudan;;;;;;;;;x
PROV220;Crazed Crag;Nîmes;Melgueil;;Melgueil;;;;;;;;;x
PROV221;Golden Plains;Provence;Provence;;Provenza;;;;;;;;;x
PROV222;Meadow Pastures;Venaissin;Venaissin;;Venaissin;;;;;;;;;x
PROV223;Rolling Hills Land;Vivarais;Vivarais;;Vivarais;;;;;;;;;x
PROV224;Swing Expanse;Forez;Forez;;Forez;;;;;;;;;x
PROV225;Long Long Trail;Mâcon;Mâcon;;Mâcon;;;;;;;;;x
PROV226;Singing Grassland;Charolais;Charolais;;Charolais;;;;;;;;;x
PROV227;Snowflake Hills;Lyon;Lyon;;Lyon;;;;;;;;;x
PROV228;Powder Valley;Vienne;Vienne;;Viena;;;;;;;;;x
PROV229;Bar Sands;Forcalquier;Forcalquier;;Forcalquier;;;;;;;;;x
PROV230;Coldlium;Nice;Nice;;Niza;;;;;;;;;x
PROV231;Frosty Frosty Tundra;Saluces;Saluzzo;;Saluzzo;;;;;;;;;x
PROV232;Snowflake Valley;Montferrat;Monferrato;;Monferrato;;;;;;;;;x
PROV233;Bumpy Mesa;Gènes;Genua;;Génova;;;;;;;;;x
PROV234;Windswept Fields;Pavie;Pavia;;Pavia;;;;;;;;;x
PROV235;Breezy Bluff;Lombardie;Lombardei;;Lombardía;;;;;;;;;x
PROV236;Crazy Crag;Piemont;Piemont;;Piemonte;;;;;;;;;x
PROV237;Floral Peaks;Savoie;Savoyen;;Saboya;;;;;;;;;x
PROV238;Steel Cliffs;Valais;Valais;;Valais;;;;;;;;;x
PROV239;Hills of Hate;Genève;Genf;;Ginebra;;;;;;;;;x
PROV240;Last Light;Châlons;Chalons;;Chalons;;;;;;;;;x
PROV241;Lake T;Neuchâtel;Neuchatel;;Neuchatel;;;;;;;;;x
PROV242;Jones' Ridge;Argovie;Aargau;;Aargau;;;;;;;;;x
PROV243;Prospector's Prospect;Orvieto;Orvieto;;Orvieto;;;;;;;;;x
PROV244;Fungus Badlands;Berne;Bern;;Berna;;;;;;;;;x
PROV245;Antipasto Ridge;Schwyz;Schwyz;;Schwyz;;;;;;;;;x
PROV246;Stardust Shadowlands;Grisons;Grisons;;Grisons;;;;;;;;;x
PROV247;Misty Marsh;Coire;Chur;;Coira;;;;;;;;;x
PROV248;Lucky Hills;St. Gall;St. Gallen;;San Galo;;;;;;;;;x
PROV249;Windmill Marsh;Souabe;Schwaben;;Schwaben;;;;;;;;;x
PROV250;Lollipop Lowlands;Brisgau;Breisgau;;Friburgo de Brisgovia;;;;;;;;;x
PROV251;Turtle's Teeth;Fürstenberg;Fürstenberg;;Fürstenberg;;;;;;;;;x
PROV252;Dusty Dunes;Ulm;Ulm;;Ulm;;;;;;;;;x
PROV253;Harmony Hills;Wurtemberg;Württemberg;;Württemberg;;;;;;;;;x
PROV254;Crescendo Ridge;Wurtzbourg;Würzburg;;Würzburgo;;;;;;;;;x
PROV255;Decrescendo Swamp;Thuringe;Thüringen;;Thüringen;;;;;;;;;x
PROV256;Clamshell Riverbank;Weimar;Weimar;;Weimar;;;;;;;;;x
PROV257;Goomba Dunes;Brunswick;Braunschweig;;Brunswick;;;;;;;;;x
PROV258;Riverside Ranch;Lunebourg;Lüneburg;;Luneburgo;;;;;;;;;x
PROV259;Orchard Hill;Celle;Celle;;Celle;;;;;;;;;x
PROV260;Boulder Canyon;Mecklembourg;Mecklenburg;;Mecklemburgo;;;;;;;;;x
PROV261;Koopa Causeway;Hambourg;Hamburg;;Hamburgo;;;;;;;;;x
PROV262;Foggy Fields;Lübeck;Lübeck;;Lubeca;;;;;;;;;x
PROV263;Autumn Grove;Holstein;Holstein;;Holstein;;;;;;;;;x
PROV264;Heartbreak Hill;Schleswig;Schleswig;;Slesvig;;;;;;;;;x
PROV265;Cold Pines;Fionie;Fyn;;Fionia;;;;;;;;;x
PROV266;Mt Rugged;Seeland;Sjælland;;Selandia;;;;;;;;;x
PROV267;High Dry Dry Desert;Jutland;Jylland;;Jylland;;;;;;;;;x
PROV268;Dry Dry Outpost;Agder;Agder;;Agder;;;;;;;;;x
PROV269;Dry Dry Temple;Rogaland;Rogaland;;Rogaland;;;;;;;;;x
PROV270;Dry Dry Oasis;Telemark;Telemark;;Telemark;;;;;;;;;x
PROV271;Parched Dry Dry Desert;Vestfold;Vestfold;;Vestfold;;;;;;;;;x
PROV272;Dry Dry Mountains;Akershus;Akershus;;Akershus;;;;;;;;;x
PROV273;Dry Dry Outpost Region;Oppland;Oppland;;Oppland;;;;;;;;;x
PROV274;Dry Dry Reaches;Bergenhus;Bergenshus;;Bergenshus;;;;;;;;;x
PROV275;Northern Dry Ridge;Trøndelag;Trøndelag;;Trøndelag;;;;;;;;;x
PROV276;Eastern Ruin Area;Hedmark;Hedmark;;Hedmark;;;;;;;;;x
PROV277;Western Ruin Area;Namdale;Naumadal;;Naumadal;;;;;;;;;x
PROV278;Western Dry Dry Desert;Hålogaland;Hålogaland;;Hålogaland;;;;;;;;;x
PROV279;Southern Dry Dry Desert;Laponie;Lappland;;Laponia;;;;;;;;;x
PROV280;Windy Mill;Västerbotten;Västerbotten;;Vestrobothnia;;;;;;;;;x
PROV281;Gusty Gultch Town;Ånland;Ånland;;Annia;;;;;;;;;x
PROV282;Gusty Gultch;Jämtland;Jämtland;;Jemtia;;;;;;;;;x
PROV283;Tubba Blubba's Castle;Medelpad;Medelpad;;Medelpad;;;;;;;;;x
PROV284;West Forever Forest;Härjedalen;Herjedalen;;Herjedalen;;;;;;;;;x
PROV285;Boo's Mansion;Hälsingland;Hälsingland;;Helsingia;;;;;;;;;x
PROV286;Thwomp Volcano;Gästrikland;Gästrikland;;Gästrikland;;;;;;;;;x
PROV287;Thwomp Highlands;Järnbäraland;Järnbäraland;;Järnbäraland;;;;;;;;;x
PROV288;Thwomp Foothills;Värmland;Värmland;;Värmland;;;;;;;;;x
PROV289;E. Gadd Outpost;Västmanland;Västmanland;;Vestmania;;;;;;;;;x
PROV290;Bowser Path;Uppland;Uppland;;Uplandia;;;;;;;;;x
PROV291;Western Gritzy Desert;Åland;Åland;;Alandia;;;;;;;;;x
PROV292;Eastern Gritzy Desert;Södermanland;Södermanland;;Södermanland;;;;;;;;;x
PROV293;Gritzy Caves;Östergötland;Östergötland;;Östergötland;;;;;;;;;x
PROV294;Koopaseum;Närke;Närke;;Närke;;;;;;;;;x
PROV295;Blubble Lake;Dal;Dal;;Dal;;;;;;;;;x
PROV296;Tower of Yikk;Viken;Viken;;Viken;;;;;;;;;x
PROV297;Bubble Islands;Västergötland;Västergötland;;Westtrogothia;;;;;;;;;x
PROV298;Plack Beach;Värend;Värend;;Värend;;;;;;;;;x
PROV299;Plack Highlands;Farah;Farrah;;Farrah;;;;;;;;;x
PROV300;East Cavi Cape;Öland;Öland;;Öland;;;;;;;;;x
PROV301;Cavi Plains;Gotland;Gotland;;Gotland;;;;;;;;;x
PROV302;West Cavi Cape;Halland;Halland;;Halland;;;;;;;;;x
PROV303;Dimple Woods;Scanie;Skåne;;Escania;;;;;;;;;x
PROV304;Peaceful Woods;Rügen;Rügen;;Rügen;;;;;;;;;x
PROV305;Battle Canyon;Bornholm;Bornholm;;Bornholm;;;;;;;;;x
PROV306;Fairy's Forest;Rostock;Rostock;;Rostock;;;;;;;;;x
PROV307;Yosu Lake;Werle;Werle;;Werle;;;;;;;;;x
PROV308;Cloud-Bird Mountain;Wolgast;Wolgast;;Wolgast;;;;;;;;;x
PROV309;Blaze Cave;Altmark;Altmark;;Altmark;;;;;;;;;x
PROV310;Ice Cave;Anhalt;Anhalt;;Anhalt;;;;;;;;;x
PROV311;Cheep Cheep Waters;Plauen;Plauen;;Plauen;;;;;;;;;x
PROV312;Balloon Bridge;Meissen;Meißen;;Meissen;;;;;;;;;x
PROV313;Wario's Garden;Bamberg;Bamberg;;Bamberg;;;;;;;;;x
PROV314;Wario's House;Nuremberg;Nürnberg;;Nuremberg;;;;;;;;;x
PROV315;Diamond City;Kempten;Kempten;;Kempten;;;;;;;;;x
PROV316;Temple of Form;Tyrol;Tirol;;Tirol;;;;;;;;;x
PROV317;Greenhorn Forest;Trente;Trent;;Trento;;;;;;;;;x
PROV318;Greenhorn Ruins;Brescia;Brescia;;Brescia;;;;;;;;;x
PROV319;Horror Manor;Vérone;Verona;;Verona;;;;;;;;;x
PROV320;Wonky Circus;Crémone;Cremona;;Cremona;;;;;;;;;x
PROV321;Beanstalk Way;Parme;Parma;;Parma;;;;;;;;;x
PROV322;Mirror Mansion;Modène;Modena;;Módena;;;;;;;;;x
PROV323;Decalburg;Lucques;Lucca;;Lucca;;;;;;;;;x
PROV324;Surfshine Harbour;Corse;Korsika;;Corsica;;;;;;;;;x
PROV325;Warm Fuzzy Plains;Arborea;Arborea;;Arbórea;;;;;;;;;x
PROV326;Bouquet Gardens;Cagliari;Cagliari;;Cagliari;;;;;;;;;x
PROV327;Water's Edge Way;Pise;Pisa;;Pisa;;;;;;;;;x
PROV328;Hither Thither Hill;Florence;Florenz;;Florencia;;;;;;;;;x
PROV329;Whammino Mountain;Urbino;Urbino;;Urbino;;;;;;;;;x
PROV330;Goomba Fortress;Sienne;Siena;;Siena;;;;;;;;;x
PROV331;Leaflitter Path;Piombino;Piombino;;Piombino;;;;;;;;;x
PROV332;The Bafflewood;Orbetello;Orbetello;;Orbetello;;;;;;;;;x
PROV333;Wiggler's Woods;Rome;Rom;;Roma;;;;;;;;;x
PROV334;Strike Lake;Naples;Neapel;;Nápoles;;;;;;;;;x
PROV335;Loop Loop River;Bénévent;Benevento;;Benevento;;;;;;;;;x
PROV336;Outlook Point;Salerne;Salerno;;Salerno;;;;;;;;;x
PROV337;Rustle Burrow;Catanzaro;Catanzaro;;Catanzaro;;;;;;;;;x
PROV338;Tree Branch Trail;Reggio;Reggio;;Reggio;;;;;;;;;x
PROV339;Gauntlet Pond;Messine;Messina;;Mesina;;;;;;;;;x
PROV340;Stump Glade;Palerme;Palermo;;Palermo;;;;;;;;;x
PROV341;Holey Thicket;Trapani;Trapani;;Trapani;;;;;;;;;x
PROV342;Whitecap Beach;Agrigente;Agrigento;;Agrigento;;;;;;;;;x
PROV343;Big City;Syracuse;Siracusa;;Siracusa;;;;;;;;;x
PROV344;Barrier Mountains;Tarente;Tarent;;Tarento;;;;;;;;;x
PROV345;Blooper Beach;Lecce;Lecce;;Lecce;;;;;;;;;x
PROV346;Boo Cemetery;Bari;Bari;;Bari;;;;;;;;;x
PROV347;Boo's Horror Castle;Apulie;Apulien;;Apulia;;;;;;;;;x
PROV348;Castaway Bay;Foggia;Foggia;;Foggia;;;;;;;;;x
PROV349;Grand Canal;Spolète;Spoleto;;Spoleto;;;;;;;;;x
PROV350;Magma Mine;Ancône;Ancona;;Ancona;;;;;;;;;x
PROV351;Pagoda Peak;Ravenne;Ravenna;;Rávena;;;;;;;;;x
PROV352;Lower Perilous Palace Path;Bologne;Bologna;;Bolonia;;;;;;;;;x
PROV353;Upper Perilous Palace Path;Ferrare;Ferrara;;Ferrara;;;;;;;;;x
PROV354;Perilous Mountain;Mantoue;Mantua;;Mantua;;;;;;;;;x
PROV355;Perilous Palace;Padoue;Padua;;Padua;;;;;;;;;x
PROV356;Pyramid Park;Venise;Venedig;;Venecia;;;;;;;;;x
PROV357;Spiny Desert;Trévise;Treviso;;Treviso;;;;;;;;;x
PROV358;Thirsty Gultch;Aquilée;Aquileia;;Aquilea;;;;;;;;;x
PROV359;Western Land;Innsbruck;Innsbruck;;Innsbruck;;;;;;;;;x
PROV360;Windmillville;Haute-Bavière;Oberbayern;;Alta Baviera;;;;;;;;;x
PROV361;Woody Woods;Basse-Bavière;Niederbayern;;Niederbayern;;;;;;;;;x
PROV362;Baby Park;Domazlice;Domazlice;;Domazlice;;;;;;;;;x
PROV363;Bone-Dry Dunes;Litomerice;Litomerice;;Litomerice;;;;;;;;;x
PROV364;Boo Lake;Lusace;Lausitz;;Lausitz;;;;;;;;;x
PROV365;Cheep Cheep Beach;Brandebourg;Brandenburg;;Brandenburgo;;;;;;;;;x
PROV366;Cheep-Cheep Island;Stettin;Stettin;;Stettin;;;;;;;;;x
PROV367;Desert Hills;Slupsk;Slupsk;;Slupsk;;;;;;;;;x
PROV368;Dolphin Shoals;Danzig;Danzig;;Danzig;;;;;;;;;x
PROV369;Grumble Volcano;Chelmno;Chelmno;;Chelmno;;;;;;;;;x
PROV370;Honeybee Hive;Marienbourg;Marienburg;;Mariemburgo;;;;;;;;;x
PROV371;Kalimari Desert;Sambie;Samland;;Zambia;;;;;;;;;x
PROV372;Lakeside Park;Memel;Memel;;Memel;;;;;;;;;x
PROV373;Mario Beach;Kurzeme;Kurzeme;;Kurzeme;;;;;;;;;x
PROV374;Shy Guy Beach;Zemgale;Zemgale;;Zemgale;;;;;;;;;x
PROV375;Shy Guy Falls;Livonie;Liivimaa;;Liivimaa;;;;;;;;;x
PROV376;Sunset Wilds;Saaremaa;Saaremaa;;Saaremaa;;;;;;;;;x
PROV377;Thwomp Desert;Läänemaa;Läänemaa;;Läänemaa;;;;;;;;;x
PROV378;Thwomp Ruins;Kalevan;Kalevan;;Kalevan;;;;;;;;;x
PROV379;Toad Harbour;Tartu;Tartu;;Tartu;;;;;;;;;x
PROV380;Twilight House;Narva;Narva;;Narva;;;;;;;;;x
PROV381;Twisted Mansion;Uusimaa;Uusimaa;;Uusimaa;;;;;;;;;x
PROV382;Yoshi Falls;Suomi;Suomi;;Suomi;;;;;;;;;x
PROV383;Yoshi Valley;Häme;Häme;;Häme;;;;;;;;;x
PROV384;Sunset Beach;Satakunta;Satakunta;;Satakunta;;;;;;;;;x
PROV385;Shifting Sands;Ostrobotnie;Pohjanmaa;;Pohjanmaa;;;;;;;;;x
PROV386;Shy Guy Desert;Kemi;Kemi;;Kemi;;;;;;;;;x
PROV387;Wiggler Park;Kola;Kola;;Kola;;;;;;;;;x
PROV388;Yoshi Lake;Carélie;Karjala;;Karjala;;;;;;;;;x
PROV389;Wario Dunes;Finnmark;Finnmark;;Finnmark;;;;;;;;;x
PROV390;Crystal Canyon;Savonie;Savo;;Savo;;;;;;;;;x
PROV391;Fire Mountain;Nordland;Nordland;;Nordland;;;;;;;;;x
PROV392;Mystic Forest;Käkisalmi;Käkisalmi;;Käkisalmi;;;;;;;;;x
PROV393;Sandstone Stroll;Ääninen;Ääninen;;Ääninen;;;;;;;;;x
PROV394;Car Land;Pomorye;Pomorye;;Pomorye;;;;;;;;;x
PROV395;Rebel Fort;Dvina;Dvina;;Dvina;;;;;;;;;x
PROV396;Crime Land;Biarmie;Bjarmia;;Bjarmia;;;;;;;;;x
PROV397;Desert Kingdom;Saamod;Saamod;;Saamod;;;;;;;;;x
PROV398;Double Cross Ranch;Ougra;Ugra;;Ugra;;;;;;;;;x
PROV399;Grand Koopa Canyon;Syrj;Syrj;;Syrj;;;;;;;;;x
PROV400;Jungle Land;Zyriane;Zyriane;;Zyriane;;;;;;;;;x
PROV401;Kingdom of Youth;Hlynov;Khlynov;;Hlynov;;;;;;;;;x
PROV402;Linguine Land;Veliki Oustioug;Weliki Ustjug;;Veliky Ústiug;;;;;;;;;x
PROV403;Sudden Death Valley;Romny;Romny;;Romny;;;;;;;;;x
PROV404;Mushridge;Zaozerye;Saosjerje;;Zaozerye;;;;;;;;;x
PROV405;Mushroom Woods;Chud;Chud;;Chud;;;;;;;;;x
PROV406;Mythis;Vologda;Wologda;;Vólogda;;;;;;;;;x
PROV407;Rap Land;Kostroma;Kostroma;;Kostromá;;;;;;;;;x
PROV408;Robo Land;Belo Ozero;Belo Ozero;;Belo Ozero;;;;;;;;;x
PROV409;Rotunda Land;Ladoga;Ladoga;;Ladoga;;;;;;;;;x
PROV410;Rotunda Castle;Toropets;Toropez;;Torópets;;;;;;;;;x
PROV411;Wild West;Ingria;Ingria;;Ingria;;;;;;;;;x
PROV412;Wunderland;Torjok;Torschok;;Torzhok;;;;;;;;;x
PROV413;Grassy Greens;Pskov;Pskow;;Pskov;;;;;;;;;x
PROV414;Chilly Beach;Novgorod;Nowgorod;;Nóvgorod;;;;;;;;;x
PROV415;Cold Woods;Louki;Luki;;Luki;;;;;;;;;x
PROV416;Jolly Plains;Latgale;Latgale;;Latgale;;;;;;;;;x
PROV417;Jolly Hills;Vitebsk;Witebsk;;Vítebsk;;;;;;;;;x
PROV418;Jolly Fields;Orsha;Orscha;;Orsha;;;;;;;;;x
PROV419;Dry Bake Desert;Polotsk;Polotsk;;Polotsk;;;;;;;;;x
PROV420;Yoshi Sphinx;Haute-Lituanie ;Aukschayts;;Aukshayts;;;;;;;;;x
PROV421;Sandshifter Ruins;Samogitie;Samogitia;;Samogitia;;;;;;;;;x
PROV422;Damp Oasis;Scalovie;Schalauen;;Scalovia;;;;;;;;;x
PROV423;Drybake Stadium;Sudovie;Sudowia;;Sudovia;;;;;;;;;x
PROV424;Snow Rise;Jacwiez;Jacwiez;;Jacwiez;;;;;;;;;x
PROV425;Ice Flow;Podlasie;Podlasie;;Podlasie;;;;;;;;;x
PROV426;The Enigmansion;Yatvyagi;Yatvyagi;;Yatvyagi;;;;;;;;;x
PROV427;Shaved Ice Cave;Galindia;Galindia;;Galindia;;;;;;;;;x
PROV428;Whiteout Valley;Cujavie;Kujawy;;Kujawy;;;;;;;;;x
PROV429;Snow Fort;Gnesne;Gniezno;;Gniezno;;;;;;;;;x
PROV430;Shy Guy Jungle;Lubusz;Lubusz;;Lubusz;;;;;;;;;x
PROV431;Jungle Rapids;Poznan;Poznan;;Poznán;;;;;;;;;x
PROV432;Long Fall Falls;Kalisz;Kalisz;;Kalisz;;;;;;;;;x
PROV433;Chomp Ruins;Opole;Opole;;Opole;;;;;;;;;x
PROV434;Rugged Road;Basse-Silésie;Oberschlesien;;Baja Silesia;;;;;;;;;x
PROV435;Rumble Volcano;Haute-Silésie;Unterschlesien;;Alta Silesia;;;;;;;;;x
PROV436;Gate Cliff;Boleslav;Boleslav;;Mladá Boleslav;;;;;;;;;x
PROV437;Pipe Plains;Prague;Prag;;Praga;;;;;;;;;x
PROV438;Pipe Hills;Hradec;Hradec;;Hradec;;;;;;;;;x
PROV439;Coin Plains;Plzen;Pilsen;;Pilsen;;;;;;;;;x
PROV440;Coin Cliffs;Olomouc;Olomouc;;Olomouc;;;;;;;;;x
PROV441;Northern Grass Land Toad House;Brno;Brno;;Brno;;;;;;;;;x
PROV442;Grass Land Fortess;Trencín;Trencín;;Trencín;;;;;;;;;x
PROV443;Grass Land Hills;Nitra;Nitra;;Nitra;;;;;;;;;x
PROV444;Grass Land Cliffs;Esztergom;Esztergom;;Estrigonia;;;;;;;;;x
PROV445;Southern Grass Land Toad House;Pressbourg;Pressburg;;Bratislava;;;;;;;;;x
PROV446;Grass Land Castle;Znojmo;Znojmo;;Znojmo;;;;;;;;;x
PROV447;Pipe Ruins;Passau;Passau;;Passau;;;;;;;;;x
PROV448;Desert Oasis;Salzbourg;Salzburg;;Salzburgo;;;;;;;;;x
PROV449;Northern Desert Toad House;Autriche;Österreich;;Austria;;;;;;;;;x
PROV450;Desert Land Fortress;Sopron;Sopron;;Sopron;;;;;;;;;x
PROV451;Pyramid Flats;Fejer;Fejer;;Fejér;;;;;;;;;x
PROV452;Western Desert Toad House;Pécs;Pecs;;Pecs;;;;;;;;;x
PROV453;Quicksand;Székesfehérvár;Szekesfehervar;;Székesfehérvár;;;;;;;;;x
PROV454;Palm Oasis;Vas;Vas;;Vas;;;;;;;;;x
PROV455;Chomp Pyramids;Styrie;Steiermark;;Estiria;;;;;;;;;x
PROV456;Pyramid Hill;Carinthie;Kärnten;;Kärnten;;;;;;;;;x
PROV457;Desert Castle;Carniole;Krain;;Krain;;;;;;;;;x
PROV458;Bonus Ridge;Istrie;Istrien;;Istria;;;;;;;;;x
PROV459;Southern Desert Toad House;Veglia;Veglia;;Veglia;;;;;;;;;x
PROV460;Ocean Side Castle;Varazdin;Varazdin;;Varazdin;;;;;;;;;x
PROV461;Toad Islands;Zagreb;Zagreb;;Zagreb;;;;;;;;;x
PROV462;Archipelago Fortress;Krizevci;Krizevci;;Krizevci;;;;;;;;;x
PROV463;Dandy Pier;Usora;Usora;;Usora;;;;;;;;;x
PROV464;Cheep Cheep Reef;Senj;Senj;;Senj;;;;;;;;;x
PROV465;Misty Cove;Zadar;Zadar;;Zadar;;;;;;;;;x
PROV466;Misty Heights;Zachlumie;Zachlumia;;Zachlumia;;;;;;;;;x
#PROV467;Split;Split;Split;;Split;;;;;;;;;x
PROV468;Sponge Hills;Raguse;Ragusa;;Ragusa;;;;;;;;;x
PROV469;Toad Sound;Zeta;Zeta;;Zeta;;;;;;;;;x
PROV470;Boss Bass Bay;Dyrrachion;Dyrrachion;;Dyrrachion;;;;;;;;;x
PROV471;Peninsular Fortress;Ohrid;Ohrid;;Ohrid;;;;;;;;;x
PROV472;Cheep Cheep Falls;Épieros;Épieros;;Épieros;;;;;;;;;x
#PROV473;Árta;Árta;Árta;;Artá;;;;;;;;;x
PROV474;Southern Toad House;Céphalonie;Kefalonia;;Cefalonia;;;;;;;;;x
PROV475;Giant Wetlands;Hellas;Hellas;;Hellas;;;;;;;;;x
PROV476;Toad Peninsula;Achaïe;Achaia;;Achaia;;;;;;;;;x
PROV477;Giant Pipeland;Méthone;Methone;;Methone;;;;;;;;;x
PROV478;Giant Caverns;Monemvasia;Monemvasia;;Monemvasia;;;;;;;;;x
PROV479;Coastal Fortress;Kanéia;Kaneia;;Kaneia;;;;;;;;;x
PROV480;Giant Coral Cove;Chandax;Chandax;;Chandax;;;;;;;;;x
PROV481;Toad Point;Corinthe;Korinth;;Corinto;;;;;;;;;x
PROV482;Island Fortress;Athènes;Atheniai;;Atenas;;;;;;;;;x
PROV483;Gargantuan Hills;Rhodes;Rhodos;;Rodas;;;;;;;;;x
PROV484;Big Plains;Naxos;Naxos;;Naxos;;;;;;;;;x
PROV485;Western Giant Toad House;Eubée;Euboia;;Euboia;;;;;;;;;x
PROV486;Big Castle;Chios;Chios;;Chios;;;;;;;;;x
PROV487;Chomp Stairway;Lesbos;Lesbos;;Lesbos;;;;;;;;;x
PROV488;Cavern Hill;Démétrias;Demetrias;;Demetrias;;;;;;;;;x
PROV489;Toad River;Thessalie;Thessalia;;Tesalia;;;;;;;;;x
PROV490;Muncher Canyon;Thessalonique;Thessaloniki;;Tesalónica;;;;;;;;;x
PROV491;River Manor;Chalcidique;Chalkidike;;Chalkidiki;;;;;;;;;x
PROV492;Stairway to Heaven;Strymon;Strymon;;Strymon;;;;;;;;;x
PROV493;Coin Cloud Falls;Philippopolis;Philippopolis;;Philippopolis;;;;;;;;;x
PROV494;Donut Heights;Andrinople;Adrianopolis;;Adrianópolis;;;;;;;;;x
PROV495;Cloud Toad House;Gallipoli;Kaliopolis;;Kallipolis;;;;;;;;;x
PROV496;Cloudy Path;Byzance;Byzantion;;Bizancio;;;;;;;;;x
PROV497;Tall Heights;Thrace;Thrakien;;Thrake;;;;;;;;;x
PROV498;Toad Heights;Mésembria;Mesembria;;Mesembria;;;;;;;;;x
PROV499;Castle in the Clouds;Tarnovo;Tyrnovo;;Tyrnovo;;;;;;;;;x
PROV500;Sky Castle;Sofia;Serdica;;Serdica;;;;;;;;;x
PROV501;Shifting Clouds;Nis;Naissos;;Naissos;;;;;;;;;x
PROV502;Cloud Stairway;Rashka;Rashka;;Rashka;;;;;;;;;x
PROV503;Ice Castle;Hum;Hum;;Hum;;;;;;;;;x
PROV504;Ice Fortress;Rama;Rama;;Rama;;;;;;;;;x
PROV505;Frigid Forest;Belgrade;Belgrad;;Belgrado;;;;;;;;;x
PROV506;Ice Lake;Vidin;Vidin;;Vidin;;;;;;;;;x
PROV507;Thawed Hills;Nicopolis;Nikopolis;;Nikopolis;;;;;;;;;x
PROV508;Snowy Hills;Durostotum;Dorostotum;;Dorostotum;;;;;;;;;x
PROV509;Icy Lake Fortress;Karvuna;Karvuna;;Karvuna;;;;;;;;;x
PROV510;Ice Field;Constanta;Constantia;;Constantia;;;;;;;;;x
PROV511;Frozen Toad House;Galaz;Galaz;;Galaz;;;;;;;;;x
PROV512;Ice Caverns;Belgorod;Belgorod;;Belgorod;;;;;;;;;x
PROV513;Icy Heights;Bârlad;Birlad;;Birlad;;;;;;;;;x
PROV514;Northern Ice Fortress;Turnu;Turnu;;Turnu;;;;;;;;;x
PROV515;Snowy Heights;Targoviste;Tirgoviste;;Targoviste;;;;;;;;;x
PROV516;Chilly Hills;Severin;Severin;;Severin;;;;;;;;;x
PROV517;Toad Fjord;Temes;Temes;;Temes;;;;;;;;;x
PROV518;Frosty Plains;Bacs;Bacs;;Bacs;;;;;;;;;x
PROV519;Northern Pipe Toad House;Feher;Feher;;Feher;;;;;;;;;x
PROV520;Eastern Pipe Fort;Bihar;Bihar;;Bihar;;;;;;;;;x
PROV521;Pipe Maze Castle;Csanad;Csanad;;Csanad;;;;;;;;;x
PROV522;Pipe Pyramids;Pest;Pest;;Pest;;;;;;;;;x
PROV523;Piranha Pipe Garden;Heves;Heves;;Heves;;;;;;;;;x
PROV524;Muncher Gauntlet;Gemer;Gemer;;Gemer;;;;;;;;;x
PROV525;Pipe Chasm;Zvolen;Zvolen;;Zvolen;;;;;;;;;x
PROV526;Western Pipe Fort;Cieszyn;Cieszyn;;Cieszyn;;;;;;;;;x
PROV527;Pipe Prison;Cracovie;Krakau;;Cracovia;;;;;;;;;x
PROV528;Pipe Reef;Sieradzko-Leczyckie;Sieradzko-Leczyckie;;Sieradzko-Leczyckie;;;;;;;;;x
PROV529;Pipe Slopes;Plock;Plock;;Plock;;;;;;;;;x
PROV530;Toad Pipe Island;Czersk;Czersk;;Czersk;;;;;;;;;x
PROV531;Southern Pipe Toad House;Sandomierz;Sandomierz;;Sandomierz;;;;;;;;;x
PROV532;Pipe Desert;Sacz;Sacz;;Sacz;;;;;;;;;x
PROV533;Pipe Caverns;Spis;Spis;;Spis;;;;;;;;;x
PROV534;Lava Land;Premysl;Peremischl;;Peremyshl;;;;;;;;;x
PROV535;Skull Land;Vladimir-Volynski;Wladimir Wolinski;;Vladimir Volynsky;;;;;;;;;x
PROV536;Dark World Fortress;Galitch;Galich;;Galich;;;;;;;;;x
PROV537;Skull Hills;Bereg;Bereg;;Bereg;;;;;;;;;x
PROV538;Skull Desert;Abauj;Abauj;;Abauj;;;;;;;;;x
PROV539;The Valley of Bowser;Marmaris;Marmaros;;Marmaris;;;;;;;;;x
PROV540;Castle Bowser;Szekelyföld;Szekelyföld;;Székelyföld;;;;;;;;;x
PROV541;World-e Castle;Peresechen;Peresechen;;Peresechen;;;;;;;;;x
PROV542;Red Toad Peninsula;Olbia;Olvia;;Olbia;;;;;;;;;x
PROV543;Blue Toad Woods;Oleshye;Oleschje;;Oleshye;;;;;;;;;x
PROV544;Yellow Toad Bay;Korsoun;Korsun;;Korsun;;;;;;;;;x
PROV545;Pecan Sands;Torki;Torki;;Torki;;;;;;;;;x
PROV546;Banzai Bill's Mad Mountain;Terebovlia;Terebowlja;;Terebovl;;;;;;;;;x
PROV547;Bowser Land;Kiev;Kiew;;Kiev;;;;;;;;;x
PROV548;Bowser's Enchanted Inferno;Pinsk;Pinsk;;Pinsk;;;;;;;;;x
PROV549;Bowser's Magma Mountain;Beresty;Beresty;;Beresty;;;;;;;;;x
PROV550;Bowser's Peculiar Peak;Minsk;Minsk;;Minsk;;;;;;;;;x
PROV551;Clockwork Castle;Mstsislaw ;Mstislau;;Mstislavl;;;;;;;;;x
PROV552;Infernal Tower;Turov;Turow;;Turov;;;;;;;;;x
PROV553;Snowflake Lake;Lioubetch;Ljubetsch;;Lyubech;;;;;;;;;x
PROV554;Big Donut;Tchernigov;Tschernigow;;Chernigov;;;;;;;;;x
PROV555;Block City;Pereyaslavl;Perejaslawl;;Pereyaslavl;;;;;;;;;x
PROV556;Cookie Land;Chortitza;Chortitza;;Chortitza;;;;;;;;;x
PROV557;Cheese Land;Lukomorie;Lukomorije;;Lukomorie;;;;;;;;;x
PROV558;Neo Bowser City;Dniepr;Unterer Dnjepr;;Bajo Dniéper;;;;;;;;;x
PROV559;Yoshi Desert;Crimée;Krim;;Crimea;;;;;;;;;x
PROV560;Blooper Bay;Cherson;Cherson;;Cherson;;;;;;;;;x
PROV561;Bowser Badlands;Théodosie;Feodossija;;Theodosia;;;;;;;;;x
PROV562;Tiny-Huge Island;Kertch;Kortschew;;Korchev;;;;;;;;;x
PROV563;Thunder Island;Don;Unterer Don;;Bajo Don;;;;;;;;;x
PROV564;Seizures Palace;Desht-i-Kipchak;Desht-i-Kipchak;;Desht-i-Kipchak;;;;;;;;;x
PROV565;Thump Castle;Sharukan;Sharukan;;Sharukan;;;;;;;;;x
PROV566;Koopabiza;Sugrov;Sugrow;;Sugrov;;;;;;;;;x
PROV567;Cannon Cove;Novgorod Seversky;Nowgorod Sewerskij;;Novgorod Seversky;;;;;;;;;x
PROV568;Fungusville;Smolensk;Smolensk;;Smolensk;;;;;;;;;x
PROV569;Turtlevania;Viazma;Wjasma;;Vyazma;;;;;;;;;x
PROV570;Castle Koopula;Tver;Twer;;Tver;;;;;;;;;x
PROV571;Down Under Land;Ouglitch;Uglitsch;;Uglich;;;;;;;;;x
PROV572;El Desert Land;Iaroslavl;Jaroslawl;;Yaroslavl;;;;;;;;;x
PROV573;Lava Land;Pereslavl-Zalesski;Perejaslawl Salessky;;Pereyaslavl Zalessky;;;;;;;;;x
PROV574;Pirate Port;Rostov;Rostow;;Rostov;;;;;;;;;x
PROV575;Sayonara;Moscou;Moskau;;Moskva;;;;;;;;;x
PROV576;Victoria;Briansk;Brjansk;;Bryansk;;;;;;;;;x
PROV577;Trouter Bay;Pronsk;Pronsk;;Pronsk;;;;;;;;;x
PROV578;Cloud Temple;Kolomna;Kolomna;;Kolomna;;;;;;;;;x
PROV579;Bonus Desert;Mordova;Mordwa;;Mordva;;;;;;;;;x
PROV580;Desert Coast;Riazan;Ryazan;;Ryazan;;;;;;;;;x
PROV581;Desolate Sands;Mourom;Murom;;Murom;;;;;;;;;x
PROV582;Dusty Coast;Vladimir;Wladimir;;Vladimir;;;;;;;;;x
PROV583;Mirage Mountains;Souzdal;Susdal;;Súzdal;;;;;;;;;x
PROV584;Thick Palms;Nijni- Novgorod;Nischni-Nowgorod;;Nizhny Novgorod;;;;;;;;;x
PROV585;Channel Sands;Gorodets;Gorodez;;Gorodez;;;;;;;;;x
PROV586;Icy Bay;Galitch-Mersky;Galitsch Merski;;Galich Mersky;;;;;;;;;x
PROV587;Frigid Peninsula;Mojaïsk;Moschajsk;;Mozhaysk;;;;;;;;;x
PROV588;Frosty Foothills;Merya;Merja;;Merya;;;;;;;;;x
PROV589;Frosty Peaks;Grassland Cheremisa;Tschermiss-Grasland;;Grassland Cheremisa;;;;;;;;;x
PROV590;Icicle Coast;Tchouvache;Chuvash;;Chuvash;;;;;;;;;x
PROV591;Frigid Bay;Mountain Cheremisa;Tschermiss-Gebirge;;Mountain Cheremisa;;;;;;;;;x
PROV592;Cold Coast;Burtasy;Burtasij;;Burtasy;;;;;;;;;x
PROV593;Snowball Mountain;Khopyor;Chopjor;;Khopyor;;;;;;;;;x
PROV594;Sizzling Coast;Sarkel;Sarkel;;Sarkel;;;;;;;;;x
PROV595;Dark Coast;Don-Portage;Don-Portage;;Don-Portage;;;;;;;;;x
PROV596;Skeleton Bay;Tana;Tana;;Tana;;;;;;;;;x
PROV597;Shadowland;Azov;Asow;;Azov;;;;;;;;;x
PROV598;Bowser Coast;Tmoutarakan;Tmutarakan;;Tmutarakan;;;;;;;;;x
PROV599;Koopa Ridge;Kouban;Kuban;;Kuban;;;;;;;;;x
PROV600;Dark Valley;Abkhazie;Abchasien;;Abjasia;;;;;;;;;x
PROV601;Red Cliffs;Iméréthie;Imeretien;;Imeretia;;;;;;;;;x
PROV602;Goomport;Kasogia;Kasogia;;Kasogia;;;;;;;;;x
PROV603;Boneyard;Alanie;Alania;;Alania;;;;;;;;;x
PROV604;Trader's Bay;Kouma;Kuma;;Kuma;;;;;;;;;x
PROV605;Traitor's Bay;Manych;Manitsch;;Manych;;;;;;;;;x
PROV606;City of Thieves;Yegorlyk;Jegorlik;;Yegorlyk;;;;;;;;;x
PROV607;Icy Heart Peak;Sarpa;Sarpa;;Sarpa;;;;;;;;;x
PROV608;Rogueport;Volga;Untere Wolga;;Bajo Volga;;;;;;;;;x
PROV609;Lower Boggly Woods;Syrte;Syrt;;Syrt;;;;;;;;;x
PROV610;The Great Tree;Bulgarie;Bulgar;;Bulgar;;;;;;;;;x
PROV611;Poshley Heights;Qazan;Qazan;;Qazan;;;;;;;;;x
PROV612;Petalburg;Votyaki;Wotjaki;;Votyaki;;;;;;;;;x
PROV613;Hooktail Castle;Bilyar;Biljar;;Bilyar;;;;;;;;;x
PROV614;Fahr Outpost;Ashli;Ashli;;Ashli;;;;;;;;;x
PROV615;Southern Fahr Ridge;Uzen;Uzen;;Uzen;;;;;;;;;x
PROV616;Middle Fahr Ridge;Uzen;Uzen;;Uzen;;;;;;;;;x
PROV617;Northern Fahr Ridge;Uzen;Uzen;;Uzen;;;;;;;;;x
PROV618;Creepy Steeple;Atyrau;Atyrau;;Atyrau;;;;;;;;;x
PROV619;Twilight Town;Saray;Saray;;Saray;;;;;;;;;x
PROV620;Twilight Trail;Itil;Itil;;Itil;;;;;;;;;x
PROV621;Twilight Woods;Kangly;Kangly;;Kangly;;;;;;;;;x
PROV622;Keelhaul Key;Kangly;Kangly;;Kangly;;;;;;;;;x
PROV623;Pirate's Grotto;Kangly;Kangly;;Kangly;;;;;;;;;x
PROV624;Faire Square;Mangyshlak;Mangyschlak;;Mangyshlak;;;;;;;;;x
PROV625;Pirate's Dream;Oustourt;Usturt;;Usturt;;;;;;;;;x
PROV626;Dire, Dire Docks;Khiva;Khiva;;Khiva;;;;;;;;;x
PROV627;Hazy Maze Cave;Kara-Kum;Karakum;;Kara-Kum;;;;;;;;;x
PROV628;Jolly Roger Bay;Boukhara;Buchara;;Bukhara;;;;;;;;;x
PROV629;Wet-Dry World;Boukhara;Buchara;;Bukhara;;;;;;;;;x
PROV630;Twilight City;Merv;Merw;;Merv;;;;;;;;;x
PROV631;Mushville;Dehistan;Dihistan;;Dihistan;;;;;;;;;x
PROV632;North Pole;Khorassan;Khorasan;;Khorasan;;;;;;;;;x
PROV633;City of Traitors;Gorgan;Gurgan;;Gurgan;;;;;;;;;x
PROV634;Penguin Paradise;Nishapur;Nischapur;;Nishapur;;;;;;;;;x
PROV635;Twilight Vale;Kohistan;Kohistan;;Qohistan;;;;;;;;;x
PROV636;Boggly Bay;Lut;Lut;;Lut;;;;;;;;;x
PROV637;Silent Valley;Sistan;Sistan;;Sistan;;;;;;;;;x
PROV638;Petal Meadows;Yazd;Yazd;;Yazd;;;;;;;;;x
PROV639;Upper Boggly Woods;Kerman;Kerman;;Kerman;;;;;;;;;x
PROV640;Silent Mountains;Sirjan;Sirjan;;Sirjan;;;;;;;;;x
PROV641;Icicle Town;Ormuz;Hormus;;Hormuz;;;;;;;;;x
PROV642;Boggly Reach;Larestan;Larestan;;Larestan;;;;;;;;;x
PROV643;Black Meadow;Fars;Fars;;Fars;;;;;;;;;x
PROV644;Gray Glade;Shiraz;Schiraz;;Shiraz;;;;;;;;;x
PROV645;Whitevale;Hendjan;Hendjan;;Hendjan;;;;;;;;;x
PROV646;Moonlight Pass;Ispahan;Isfahan;;Isfahán;;;;;;;;;x
PROV647;Last Refuge;Avhaz;Ewaz;;Avhaz;;;;;;;;;x
PROV648;Ice Rift;Khozistan;Chusestan;;Khozistán;;;;;;;;;x
PROV649;Crow's Rest;Bassorah;Basra;;Basra;;;;;;;;;x
PROV650;Meloncholy Estuary;Koweït;Kuwait;;Kuwait;;;;;;;;;x
PROV651;Tyler Peak;Dammam;Damman;;Damman;;;;;;;;;x
PROV652;Starlight Hills;Al Hassa;Al Hasa;;Al Hasa;;;;;;;;;x
PROV653;Reindeer Run;Bahreïn;Bahrein;;Bahrein;;;;;;;;;x
PROV654;Bounty Harbour;Rummah;Rummah;;Rummah;;;;;;;;;x
PROV655;Night's Chill;Koufa;Kufa;;Kufa;;;;;;;;;x
PROV656;Meloncholy Fjord;Tigre;Tigris;;Tigris;;;;;;;;;x
PROV657;Snowfort Mountain;Lorestan;Luristan;;Luristán;;;;;;;;;x
PROV658;Snow Cone Dome;Hamadan;Hamadan;;Hamadan;;;;;;;;;x
PROV659;Avalanche Alley;Qom;Qom;;Qom;;;;;;;;;x
PROV660;Bleak Peak;Qwivir;Qwivir;;Qwivir;;;;;;;;;x
PROV661;Hush Valley;Tabaristan;Tabaristan;;Tabaristán;;;;;;;;;x
PROV662;Mushroom Castle;Mazandaran;Mazandaran;;Mazandarán;;;;;;;;;x
PROV663;Mario's Pad;Rayy;Rayy;;Rayy;;;;;;;;;x
PROV664;Mushroom Way;Qazvin;Qazwin;;Qazwin;;;;;;;;;x
PROV665;Bandit's Way;Daylam;Dailam;;Dailam;;;;;;;;;x
PROV666;Mushroom Mountains;Gilan;Gilan;;Gilan;;;;;;;;;x
PROV667;King's Pass;Tabriz;Tabris;;Tabriz;;;;;;;;;x
PROV668;Crownwood Forest;Shirvan;Schirwan;;Shirvan;;;;;;;;;x
PROV669;Mushroom Harbour;Shemakha;Schemacha;;Shemakha;;;;;;;;;x
PROV670;Crown Bay;Azerbaïdjan;Aserbaidschan;;Azerbaiján;;;;;;;;;x
PROV671;Hightop Flats;Suenik;Suenik;;Suenik;;;;;;;;;x
PROV672;Grand Staircase;Dwin;Dwin;;Dwin;;;;;;;;;x
PROV673;Icewater Bay;Aghbanie;Albanien;;Albania;;;;;;;;;x
PROV674;Square Shore;Derbent;Derbent;;Derbent;;;;;;;;;x
PROV675;Mushroom Thicket;Samandar;Semender;;Semender;;;;;;;;;x
PROV676;Kero Sewers;Kakhétie;Kakheti;;Kakheti;;;;;;;;;x
PROV677;Midas River;Gourie;Guria;;Guria;;;;;;;;;x
PROV678;Tadpole Pond;Trébizonde;Trapezous;;Trapezous;;;;;;;;;x
PROV679;Rose Way;Karthli;Kartli;;Kartli;;;;;;;;;x
PROV680;Rose Town;Tao;Tao;;Tao;;;;;;;;;x
PROV681;Pipe Vault;Ani;Ani;;Ani;;;;;;;;;x
PROV682;Rose Forest Maze;Vaspourakan;Vaspurakan;;Vaspurakan;;;;;;;;;x
PROV683;Shore Forest Maze;Amida;Amida;;Amida;;;;;;;;;x
PROV684;Deep Forest Maze;Nisibin;Nisibin;;Nisibin;;;;;;;;;x
PROV685;Mole Mountain;Kurdistan;Kurdistan;;Kurdistán;;;;;;;;;x
PROV686;Booster Tower;Orumieh;Oromieh;;Oromieh;;;;;;;;;x
PROV687;Booster Hill;Kirkouk;Kirkuk;;Kirkuk;;;;;;;;;x
PROV688;Booster Pass;Kermanshah;Kermanschah;;Kermanshah;;;;;;;;;x
PROV689;Marrymore;Ilam;Ilam;;Ilam;;;;;;;;;x
PROV690;Boulder Field;Al-Amarah;Al Amarah;;Al Amarah;;;;;;;;;x
PROV691;Booster Field;Al-Nasiryah;Al Nasiriya;;Al Nasiryah;;;;;;;;;x
PROV692;Granite Flats;Al-Nadjaf;Al Nadschaf;;Al Nadjaf;;;;;;;;;x
PROV693;Southport;Bagdad;Bagdad;;Bagdad;;;;;;;;;x
PROV694;Pirate's Bluff;Kerbala;Karbala;;Karbala;;;;;;;;;x
PROV695;Smuggler's Bay;Deir;Deir;;Deir;;;;;;;;;x
PROV696;Mole Harbour;Euphrate;Euphrat;;Éufrates;;;;;;;;;x
PROV697;Star Hill;Mossoul;Mosul;;Mosul;;;;;;;;;x
PROV698;Seaside Town;Al-Jazira;Arabische Halbinsel;;Al-Jazira;;;;;;;;;x
PROV699;Salty Path;Édesse;Edessa;;Edessa;;;;;;;;;x
PROV700;Salty Beach;Bira;Bira;;Bira;;;;;;;;;x
PROV701;Rolling Flats;Taron;Taron;;Taron;;;;;;;;;x
PROV702;Lightning Bay;Mésopotamie;Mesopotamien;;Mesopotamia;;;;;;;;;x
PROV703;Harbour Hold;Karin;Karin;;Karin;;;;;;;;;x
PROV704;Rocky Fields;Théodosiopolis;Theodosiopolis;;Theodosiopolis;;;;;;;;;x
PROV705;Freshwater Beach;Chaldée;Kaldäa;;Caldea;;;;;;;;;x
PROV706;Monstro Town;Colonée;Koloneia;;Koloneia;;;;;;;;;x
PROV707;Land's End;Mélitène;Melitene;;Melitene;;;;;;;;;x
PROV708;Bean Valley;Tell Bashir;Tell Bashir;;Tell Bashir;;;;;;;;;x
PROV709;Nimbus Land;Asas;Asas;;Asas;;;;;;;;;x
PROV710;Belome Temple;Al Bichri;Al Bichri;;Al Bichri;;;;;;;;;x
PROV711;Cliff of Beasts;Sinjar;Sindschar;;Sinjar;;;;;;;;;x
PROV712;Shadow Bay;Suweyda;Suwaida;;Suwaida;;;;;;;;;x
PROV713;Sunrise Coast;Druz;Druz;;Druz;;;;;;;;;x
PROV714;Savage Heights;Az Zarqa;Zarqa;;Az Zarqa;;;;;;;;;x
PROV715;Long Fall Cliffs;Al Habbariyah;Al Habbariyah;;Al Habbariyah;;;;;;;;;x
PROV716;Tower of Sand;Shaka;Shaka;;Shaka;;;;;;;;;x
PROV717;Quartz Crag;Al Jawf;Al Jawf;;Al Jawf;;;;;;;;;x
PROV718;Mouth of the Barrel;Médine;Medina;;Medina;;;;;;;;;x
PROV719;Sulphur Coast;La Mecque;Mekka;;La Meca;;;;;;;;;x
PROV720;Potash Bay;Hedjaz;Hedschas;;Hijaz;;;;;;;;;x
PROV721;Burning Beach;Tabuk;Tabuk;;Tabuk;;;;;;;;;x
PROV722;Ashen Slope;Pétra;Petra;;Petra;;;;;;;;;x
PROV723;Choking Cliffs;Madaba;Madaba;;Madaba;;;;;;;;;x
PROV724;Black Beach;Amman;Amman;;Amman;;;;;;;;;x
PROV725;Caldera Cliff;Irbid;Irbid;;Irbid;;;;;;;;;x
PROV726;Barrel Slope;Al-Mafraq;Mafrak;;Al Mafraq;;;;;;;;;x
PROV727;Lava Hill;Syrie;Syrien;;Siria;;;;;;;;;x
PROV728;Vista Hill;Damas;Damaskus;;Damasco;;;;;;;;;x
PROV729;Bowser's Keep;Tadmor;Tadmor;;Tadmor;;;;;;;;;x
PROV730;Teeth Islands;Palmyre;Palmyra;;Palmira;;;;;;;;;x
PROV731;Bowser Bay;Homs;Homs;;Homs;;;;;;;;;x
PROV732;Koopa Bay;Hama;Hama;;Hama;;;;;;;;;x
PROV733;Frostbite Islands;Alep;Aleppo;;Alepo;;;;;;;;;x
PROV734;Koopa Cape;Aintab;Aintab;;Aintab;;;;;;;;;x
PROV735;Tranquil Bay;Teluch;Teluch;;Teluch;;;;;;;;;x
PROV736;Redstone Reach;Lykandos;Lykandos;;Lykandos;;;;;;;;;x
PROV737;Icy Claw;Césarée;Caesarea;;Kaisereia;;;;;;;;;x
PROV738;Dagger Coast;Amisos;Amisos;;Amisos;;;;;;;;;x
PROV739;Shattered Anchor;Sinope;Sinope;;Sinope;;;;;;;;;x
PROV740;Spikeline Shoreline;Héraclée;Herakleia;;Herakleia;;;;;;;;;x
PROV741;Flaming Harbour;Nicomédie;Nikomedeia;;Nikomedeia;;;;;;;;;x
PROV742;Barren Badlands;Bursa;Prusa;;Prusa;;;;;;;;;x
PROV743;Lost Caves;Cyzique;Kyzikos;;Kyzikos;;;;;;;;;x
PROV744;The Shadowlands;Abydos;Abydos;;Abidos;;;;;;;;;x
PROV745;The Turtle's Spine;Smyrne;Smyrna;;Smyrna;;;;;;;;;x
PROV746;Thousand Needles;Éphèse;Ephesos;;Éfeso;;;;;;;;;x
PROV747;Yo'ster Island;Lycie;Lykia;;Lykia;;;;;;;;;x
PROV748;Cool, Cool Mountain;Laodicée;Laodikäa;;Laodikeia;;;;;;;;;x
PROV749;Cold Cold Forest;Dorylée;Dorylaion;;Dorylaion;;;;;;;;;x
PROV750;Raging Ravine;Nicée;Nikäa;;Nicea;;;;;;;;;x
PROV751;Ice Castle;Paphlagonie;Paphlagonien;;Paphlagonia;;;;;;;;;x
PROV752;Sherbet Land;Galatie;Galatien;;Galatia;;;;;;;;;x
PROV753;Snow Land;Angora;Ankyra;;Ankyra;;;;;;;;;x
PROV754;Lethal Lava Land;Sozopolis;Sozopolis;;Sozopolis;;;;;;;;;x
PROV755;Snowman's Land;Attaleia;Attaleia;;Attaleia;;;;;;;;;x
PROV756;Cubyrinth;Limisol;Limisol;;Limisol;;;;;;;;;x
PROV757;Frostown;Famagouste;Famagusta;;Famagusta;;;;;;;;;x
PROV758;Icepeak;Seleukeia;Seleukeia;;Seleukeia;;;;;;;;;x
PROV759;Polastraits;Ikonion;Ikonion;;Ikonion;;;;;;;;;x
PROV760;Sparkleton;Tyane;Tyana;;Tyana;;;;;;;;;x
PROV761;Christmas Village;Tarse;Tarsos;;Tarsos;;;;;;;;;x
PROV762;Goomstar Temple;Adana;Adana;;Adana;;;;;;;;;x
PROV763;Infernum;Alexandrette;Alexandretta;;Alexandretta;;;;;;;;;x
PROV764;Frosty Frontier;Antioche;Antiochia;;Antioquía;;;;;;;;;x
PROV765;Frostbite Mountain;Archa;Archa;;Archa;;;;;;;;;x
PROV766;Iceberg Alley;Tortose;Tortosa;;Tortosa;;;;;;;;;x
PROV767;Snow Cone Tundra;Tripoli;Tripolis;;Trípoli;;;;;;;;;x
PROV768;Lethal Lava Volcano;Baalbek;Baalbek;;Baalbek;;;;;;;;;x
PROV769;Silly Cliff;Safed;Safed;;Safed;;;;;;;;;x
PROV770;Icy Cool Coast;Beyrouth;Beirut;;Beirut;;;;;;;;;x
PROV771;Frosty Field;Tyr;Tyrus;;Tyrus;;;;;;;;;x
PROV772;Biting Slopes;Acre;Acre;;Acre;;;;;;;;;x
PROV773;Sulphur Fields;Tibériade;Tiberias;;Tiberías;;;;;;;;;x
PROV774;Bitter Cold Glacier;Jérusalem;Jerusalem;;Jerusalén;;;;;;;;;x
PROV775;Penguin Village;Jaffa;Jaffa;;Jaffa;;;;;;;;;x
PROV776;Bundle-up Bay;Hébron;Hebron;;Hebrón;;;;;;;;;x
PROV777;Blizzardy Badlands;Kerak;Kerak;;Kerak;;;;;;;;;x
PROV778;Pyramid Plains;Monreal;Monreal;;Monreal;;;;;;;;;x
PROV779;Palm Pyramids;Bersabée;Beersheb;;Beerseba;;;;;;;;;x
PROV780;Sphinx Caverns;Ascalon;Askalon;;Ascalón;;;;;;;;;x
PROV781;Bamboo Forest;Darum;Darum;;Darum;;;;;;;;;x
PROV782;Sky Mountain Pass;Negev;Negev;;Negev;;;;;;;;;x
PROV783;Sarasa Palace;Maan;Maan;;Maan;;;;;;;;;x
PROV784;Coral Cove;Aqaba;Aqaba;;Al 'Aqabah;;;;;;;;;x
PROV785;Calm Coast;Sinaï;Sinai;;Sinaí;;;;;;;;;x
PROV786;Pearl Beach;Eilat;Eilat;;Eilat;;;;;;;;;x
PROV787;Moai Flats;El-Arish;El-Arish;;El-Arish;;;;;;;;;x
PROV788;Easton Caves;Farama;Farama;;Farama;;;;;;;;;x
PROV789;Tiki Forest;Péluse;Pelusia;;Pelusia;;;;;;;;;x
PROV790;Upper Awazon;Sarqihya;Sarqihya;;Sarqihya;;;;;;;;;x
PROV791;Lower Awazon;Qena;Quina;;Quena;;;;;;;;;x
PROV792;Deep Mines;Nubie;Nubien;;Nubia;;;;;;;;;x
PROV793;Shimmer Bank;Makourie;Makuria;;Macuria;;;;;;;;;x
PROV794;Awazon Estuary;Assouan;Assuan;;Asuán;;;;;;;;;x
PROV795;Sifter's Island;Assiout;Asyut;;Asyut;;;;;;;;;x
PROV796;Dense Awazon Jungle;Le Caire;Kairo;;El Cairo;;;;;;;;;x
PROV797;Awazon Plateau;Manupura;Manupura;;Manupura;;;;;;;;;x
PROV798;Golden Pyramid;Damiette;Damietta;;Damietta;;;;;;;;;x
PROV799;Daisy Circuit;Gabiyaha;Gabiyaha;;Gabiyaha;;;;;;;;;x
PROV800;Daisy Hills;Gizeh;Gizeh;;Guiza;;;;;;;;;x
PROV801;Flower-koku;Buhairya;Buhairya;;Buhairya;;;;;;;;;x
PROV802;George's Gorge;Alexandrie;Alexandria;;Alejandría;;;;;;;;;x
PROV803;Salt Coast;Qattara;Qattara;;Quattara;;;;;;;;;x
PROV804;Copper Coast;Al Alamayn;El Alamein;;Al Alamayn;;;;;;;;;x
PROV805;Gold Coast;Tobrouk;Tobruk;;Tobruk;;;;;;;;;x
PROV806;Iron Coast;Cyrénaïque;Kyrenaika;;Cyrenaica;;;;;;;;;x
PROV807;Spice Coast;Senoussi;Senoussi;;Senoussi;;;;;;;;;x
PROV808;Easton Range;Benghazi;Bengasi;;Benghazi;;;;;;;;;x
PROV809;Tiki Town;Syrte;Syrte;;Syrte;;;;;;;;;x
PROV810;Awazon Coast;Fezzan;Leptis Magna;;Leptis Magna;;;;;;;;;x
PROV811;Wildflower Mountain;Tripolitaine;Tripolitana;;Tripolitana;;;;;;;;;x
PROV812;Kong Village;Malte;Malta;;Malta;;;;;;;;;x
PROV813;Kongo Jungle;Djerba;Djerba;;Yerba;;;;;;;;;x
PROV814;Monkey Mines;Gabès;Gabes;;Gabés;;;;;;;;;x
PROV815;Vine Valley;Kairouan;Kairwan;;Kairwan;;;;;;;;;x
PROV816;Gorilla Glacier;Mahdia;Mahdia;;Mahdia;;;;;;;;;x
PROV817;Kremkroc Industries;Tunis;Tunis;;Túnez;;;;;;;;;x
PROV818;Chimp Caverns;Medjerda;Medjerda;;Medjerda;;;;;;;;;x
PROV819;Banana Fairy Island;Bizerte;Bizerte;;Bizerte;;;;;;;;;x
PROV820;Bonus Islands;Annaba;Annaba;;Annaba;;;;;;;;;x
PROV821;Sun Sun Island;Constantine;Constantine;;Constantina;;;;;;;;;x
PROV822;Lost Island;Béjaïa;Bejaia;;Bejaia;;;;;;;;;x
PROV823;Ghost Island;Biskra;Biskra;;Biskra;;;;;;;;;x
PROV824;Chill 'n' Char Island;Atlas Tellien;Tell Atlas;;Tell Atlas;;;;;;;;;x
PROV825;High-High Island;Beni Yenni;Beni Yanni;;Beni Yanni;;;;;;;;;x
PROV826;Dawn Savanna;Minorque;Menorca;;Menorca;;;;;;;;;x
PROV827;Jungle Deeps;Majorque;Mallorca;;Mallorca;;;;;;;;;x
PROV828;Silver Snow Peak;Ouled Nail;Ouled Nail;;Ouled Nail;;;;;;;;;x
PROV829;Sky Garden;M'zab;Mzab;;M'zab;;;;;;;;;x
PROV830;Monkey Fest;Lemdiyya;Lemdiya;;Lemdiyya;;;;;;;;;x
PROV831;Desert Oasis;Alger;Al Djazair;;Al Djazair;;;;;;;;;x
PROV832;Massive Canyon;Oran;Orania;;Orania;;;;;;;;;x
PROV833;Ice Warren;Mont Atlas;Atlasgebirge;;Atlas Mnt;;;;;;;;;x
PROV834;Helibird Nest;Tlemcen;Tlemcen;;Tlemcen;;;;;;;;;x
PROV835;Spirit Tree;Hanyan;Hanyan;;Hanyan;;;;;;;;;x
PROV836;Rumble Falls;Béni-Snassen;Snassen;;Snassen;;;;;;;;;x
PROV837;Pristine Sea;Figuig;Figuig;;Figuig;;;;;;;;;x
PROV838;Chopperbird Race;Rif;El Rif;;El Rif;;;;;;;;;x
PROV839;Cactus Mine;Ceuta;Cebta;;Ceuta;;;;;;;;;x
PROV840;Sweet Paradise;Fès;Fes;;Fez;;;;;;;;;x
PROV841;Primeval Ruins;Tanger;Tanger;;Tánger;;;;;;;;;x
PROV842;Aurora Glacier;Infa;Infa;;Infa;;;;;;;;;x
PROV843;Grim Volcano;Marrakech;Marrakesch;;Marrakech;;;;;;;;;x
PROV844;Artic Plunge;Massat;Massat;;Massat;;;;;;;;;x
PROV845;Ancient Foundry;Anti-Atlas;Anti-Atlas;;Pequeño Atlas;;;;;;;;;x
PROV846;Iguanagon's Realm;Ifni;Taroudant;;Taroudant;;;;;;;;;x
PROV847;Banshee Swamp;Tharasset;Tamdoult;;Tamdoult;;;;;;;;;x
PROV848;Storm Hill;Brême;Bremen;;Bremen;;;;;;;;;x
PROV849;Aerie Fortress;Canaries;Kanarische Inseln;;Canarias;;;;;;;;;x
PROV850;Deep Sea Sprint;Kandalakcha ;Kantalahti;;Kantalahti;;;;;;;;;x
PROV851;Clock Tower;Capoue;Capua;;Capua;;;;;;;;;x
PROV852;Helibird Dash;Zahedan;Zahedan;;Zahedan;;;;;;;;;x
PROV853;Lava Cavern;Bam;Bam;;Bam;;;;;;;;;x
PROV854;Cloudy Heights;Jask;Jask;;Jask;;;;;;;;;x
PROV855;Magma Colliseum;Mahra;Mahra;;Mahra;;;;;;;;;x
PROV856;Ninjape Rally;Kathiri;Kathiri;;Kathiri;;;;;;;;;x
PROV857;Asteroid Belt;Bayda;Bayda;;Al Bayda;;;;;;;;;x
PROV858;Crocodile Cauldron;Aden;Aden;;Adén;;;;;;;;;x
PROV859;Krem Quay;Ta'izz;Taizz;;Taizz;;;;;;;;;x
PROV860;Krazy Kremland;Sanaa;Sanaa;;Sanaa;;;;;;;;;x
PROV861;Gloomy Gulch;Asir;Asir;;Asir;;;;;;;;;x
PROV862;K. Rool's Keep;Halaban;Halaban;;Halaban;;;;;;;;;x
PROV863;The Lost World;Hajr;Hajr;;Hajr;;;;;;;;;x
PROV864;Lake Orangatanga;Hail;Hail;;Hail;;;;;;;;;x
PROV865;Kremwood Forest;Rafha;Rafha;;Rafha;;;;;;;;;x
PROV866;Mekanos;Dhofar;Dhofar;;Zufar;;;;;;;;;x
PROV867;Cotton-Top Cove;Duqm;Duqm;;Duqm;;;;;;;;;x
PROV868;K3;Mascate;Muskat;;Muscat;;;;;;;;;x
PROV869;Razor Ridge;Hajar;Hajar;;Hajar;;;;;;;;;x
PROV870;KAOS Kore;Dhu Zabi;Dhu Zabi;;Dhu Zabi;;;;;;;;;x
PROV871;Pacifica;Busaso;Busaso;;Busaso;;;;;;;;;x
PROV872;Krematoa;Berbera;Berbera;;Berbera;;;;;;;;;x
PROV873;Cape Codswallop;Harar;Harer;;Harer;;;;;;;;;x
PROV874;Ford Knocks;Tadjourah;Tadjoura;;Tadjoura;;;;;;;;;x
PROV875;Mill Hill;Aksoum;Aksum;;Aksum;;;;;;;;;x
PROV876;Koco Channel;Agordat;Akordat;;Agordat;;;;;;;;;x
PROV877;Primate Plains;Kassala;Kassala;;Kassala;;;;;;;;;x
PROV878;Minkey Woods;Hayya;Hayya;;Hayya;;;;;;;;;x
PROV879;Black Ice Mountain;Atbara;Atbara;;Atbara;;;;;;;;;x
PROV880;Riverbank Mill;Sannar;Sennar;;Sennar;;;;;;;;;x
PROV881;Blackforest Plateau;Asosa;Asosa;;Asosa;;;;;;;;;x
PROV882;Vertigo Verge;Ankober;Ankober;;Ankober;;;;;;;;;x
PROV883;Jeopardy Jungle;Gondar;Gondar;;Gondar;;;;;;;;;x
PROV884;Great Ape Lake;Hintalo;Antalo;;Hintalo;;;;;;;;;x
PROV885;Factory Hill;Métamma;Matamma;;Matamma;;;;;;;;;x
PROV886;Tin Can Valley;Perm;Perm;;Perm;;;;;;;;;x
PROV887;Tightrope Tropics;Iamalie;Yamalia;;Yamalia;;;;;;;;;x
PROV888;Stalagmite Caverns;Komi;Komi;;Komi;;;;;;;;;x
PROV889;Ductline Flats;Khantys;Khantia;;Khantia;;;;;;;;;x
PROV890;The Lost Land;Tioumen;Tyumen;;Tyumen;;;;;;;;;x
PROV891;Bazaar Bay;Tioumen;Tyumen;;Tyumen;;;;;;;;;x
PROV892;Funky Cove;Mansis;Mansia;;Mansia;;;;;;;;;x
PROV893;Bear Forest;Saravan;Saravan;;Saravan;;;;;;;;;x
PROV894;Bramble Headland;Yaik;Yaik;;Yaik;;;;;;;;;x
PROV895;Barter Beach;Yaik;Yaik;;Yaik;;;;;;;;;x
PROV896;Banana Bird Lake;Aktioubé;Aqtobe;;Aqtobe;;;;;;;;;x
PROV897;Lockjaw Falls;Inder;Inder;;Inder;;;;;;;;;x
PROV898;Kremling Kamp;Tobol;Tobol;;Tobol;;;;;;;;;x
PROV899;Necky's Canyon;Tis;Tis;;Tis;;;;;;;;;x
PROV900;Cactus Woods;Syr Darya;Syr Darya;;Syr Darya;;;;;;;;;x
PROV901;Madcap Mine;Kyzyl-Kum;Kyzyl-Kum;;Kyzyl-Kum;;;;;;;;;x
PROV902;Banana Bungalow;Dashhowuz;Dashhowuz;;Dashhowuz;;;;;;;;;x
PROV903;Tropical Treetops;Samarcande;Samarkand;;Samarkanda;;;;;;;;;x
PROV904;Contraption Cave;Balkh;Balkh;;Balkh;;;;;;;;;x
PROV905;Puzzling Pyramid;Hérat;Herat;;Herat;;;;;;;;;x
PROV906;Jungle Ruins;Birjand;Birjand;;Birjand;;;;;;;;;x
PROV907;Treetop Temple;Mandesh;Mandesh;;Mandesh;;;;;;;;;x
PROV908;Banana Ruins;Sharawrah;Scharara;;Sharawrah;;;;;;;;;x
PROV909;Dino Dino Jungle;Désert du Sahara;Sahara;;Desierto del Sahara;;;;;;;;;x
PROV910;Jumpy Jungle;Sibérie;Sibirien;;Siberia;;;;;;;;;x
PROV911;Forbidden Forest;Sibérie;Sibirien;;Siberia;;;;;;;;;x
PROV912;Mt Dynamite;Sibérie;Sibirien;;Siberia;;;;;;;;;x
PROV913;Scorching Canyon;Sibérie;Sibirien;;Siberia;;;;;;;;;x
PROV914;Mammoth Glacier;Sibérie;Sibirien;;Siberia;;;;;;;;;x
PROV915;Parched Palace;Sibérie;Sibirien;;Siberia;;;;;;;;;x
PROV916;Alpine Peak;Sibérie;Sibirien;;Siberia;;;;;;;;;x
PROV917;Bear Pines;Sibérie;Sibirien;;Siberia;;;;;;;;;x
PROV918;Grizzly Woods;Sibérie;Sibirien;;Siberia;;;;;;;;;x
PROV919;Salmon Hill;Sibérie;Sibirien;;Siberia;;;;;;;;;x
PROV920;Trout River Bend;Sibérie;Sibirien;;Siberia;;;;;;;;;x
PROV921;Salmon Shoreline;Sibérie;Sibirien;;Siberia;;;;;;;;;x
PROV922;Banana Bird Bay;Sibérie;Sibirien;;Siberia;;;;;;;;;x
PROV923;Rocky Heights;Sibérie;Sibirien;;Siberia;;;;;;;;;x
PROV924;Salty Shore;Sibérie;Sibirien;;Siberia;;;;;;;;;x
PROV925;Bear Mountain;Sibérie;Sibirien;;Siberia;;;;;;;;;x
PROV926;Rough Scrubland;Sibérie;Sibirien;;Siberia;;;;;;;;;x
PROV927;Monkey Marsh;Sibérie;Sibirien;;Siberia;;;;;;;;;x
PROV928;Screaming Peaks;Sibérie;Sibirien;;Siberia;;;;;;;;;x
PROV929;Fisher's Coast;Sibérie;Sibirien;;Siberia;;;;;;;;;x
PROV930;Eastern Lowlands;Sibérie;Sibirien;;Siberia;;;;;;;;;x
PROV931;Sherbet Island;Sibérie;Sibirien;;Siberia;;;;;;;;;x
PROV932;Snowflake Mountain;Sibérie;Sibirien;;Siberia;;;;;;;;;x
PROV933;Dino Domain;Sibérie;Sibirien;;Siberia;;;;;;;;;x
PROV934;Dragon Forest;Sibérie;Sibirien;;Siberia;;;;;;;;;x
PROV935;Taj Falls;Sibérie;Sibirien;;Siberia;;;;;;;;;x
PROV936;Timber Mountains;Sibérie;Sibirien;;Siberia;;;;;;;;;x
PROV937;Timber Hills;Sibérie;Sibirien;;Siberia;;;;;;;;;x
PROV938;Wavy Beach;Sibérie;Sibirien;;Siberia;;;;;;;;;x
PROV939;Gleam Glacier;Sibérie;Sibirien;;Siberia;;;;;;;;;x
PROV940;Shriek Mansion;Sibérie;Sibirien;;Siberia;;;;;;;;;x
PROV941;Ladida Plains;Sibérie;Sibirien;;Siberia;;;;;;;;;x
PROV942;Hoo's Wood;Sibérie;Sibirien;;Siberia;;;;;;;;;x
PROV943;Fury Volcano;Sibérie;Sibirien;;Siberia;;;;;;;;;x
PROV944;Bowser's Villa;Sibérie;Sibirien;;Siberia;;;;;;;;;x
PROV945;Lost Mangroves;Sibérie;Sibirien;;Siberia;;;;;;;;;x
PROV946;Autumn Heights;Sibérie;Sibirien;;Siberia;;;;;;;;;x
PROV947;Groovey Grassland;Sibérie;Sibirien;;Siberia;;;;;;;;;x
PROV948;Flashfire Fields;Sibérie;Sibirien;;Siberia;;;;;;;;;x
PROV949;Sea Breeze Cove;Sibérie;Sibirien;;Siberia;;;;;;;;;x
PROV950;Harvest Hill;Sibérie;Sibirien;;Siberia;;;;;;;;;x
PROV951;Fruit Forest;Sibérie;Sibirien;;Siberia;;;;;;;;;x
PROV952;Beehive Hill;Sibérie;Sibirien;;Siberia;;;;;;;;;x
PROV953;Juicy Jungle;Sibérie;Sibirien;;Siberia;;;;;;;;;x
PROV954;Secret Seclusion;Sibérie;Sibirien;;Siberia;;;;;;;;;x
PROV955;Wario's Island;Sibérie;Sibirien;;Siberia;;;;;;;;;x
PROV956;Waluigi Island;Sibérie;Sibirien;;Siberia;;;;;;;;;x
PROV957;Pi'illo Blimport;Sibérie;Sibirien;;Siberia;;;;;;;;;x
PROV958;Pi'illo Castle;Sibérie;Sibirien;;Siberia;;;;;;;;;x
PROV959;Muchrise Park;Sibérie;Sibirien;;Siberia;;;;;;;;;x
PROV960;Dozing Sands;Sibérie;Sibirien;;Siberia;;;;;;;;;x
PROV961;Wakeport;Sibérie;Sibirien;;Siberia;;;;;;;;;x
PROV962;Mount Pajamaja;Sibérie;Sibirien;;Siberia;;;;;;;;;x
PROV963;Driftwood Shore;Sibérie;Sibirien;;Siberia;;;;;;;;;x
PROV964;Somnom Woods;Sibérie;Sibirien;;Siberia;;;;;;;;;x
PROV965;Neo Bowser Castle;Sibérie;Sibirien;;Siberia;;;;;;;;;x
PROV966;Baseball Plaza;Sibérie;Sibirien;;Siberia;;;;;;;;;x
PROV967;DK Stadium;Sibérie;Sibirien;;Siberia;;;;;;;;;x
PROV968;Bowser Jr. Castle;Sibérie;Sibirien;;Siberia;;;;;;;;;x
PROV969;Peach's Stadium;Sibérie;Sibirien;;Siberia;;;;;;;;;x
PROV970;Yoshi Volcano;Sibérie;Sibirien;;Siberia;;;;;;;;;x
PROV971;Snowy Hill;Sibérie;Sibirien;;Siberia;;;;;;;;;x
PROV972;Dusty Savannah;Sibérie;Sibirien;;Siberia;;;;;;;;;x
PROV973;Hot Steamy Jungle;Sibérie;Sibirien;;Siberia;;;;;;;;;x
PROV974;Dark Forest;Sibérie;Sibirien;;Siberia;;;;;;;;;x
PROV975;Grassy Plain;Sibérie;Sibirien;;Siberia;;;;;;;;;x
PROV976;Super Bell Hill;Sibérie;Sibirien;;Siberia;;;;;;;;;x
PROV977;Mount Beanpole;Sibérie;Sibirien;;Siberia;;;;;;;;;x
PROV978;Grassland Castle;Sibérie;Sibirien;;Siberia;;;;;;;;;x
PROV979;Toad Hill;Sibérie;Sibirien;;Siberia;;;;;;;;;x
PROV980;Plunging Falls;Sibérie;Sibirien;;Siberia;;;;;;;;;x
PROV981;Conkdor Canyon;Sibérie;Sibirien;;Siberia;;;;;;;;;x
PROV982;Shadow-Play Alley;Sibérie;Sibirien;;Siberia;;;;;;;;;x
PROV983;Really Rolling Hills;Sibérie;Sibirien;;Siberia;;;;;;;;;x
PROV984;Sand Castle;Sibérie;Sibirien;;Siberia;;;;;;;;;x
PROV985;Snowball Park;Sibérie;Sibirien;;Siberia;;;;;;;;;x
PROV986;Shifty Boo Mansion;Sibérie;Sibirien;;Siberia;;;;;;;;;x
PROV987;Rammerhead Beach;Sibérie;Sibirien;;Siberia;;;;;;;;;x
PROV988;Marshmallow fields;Sibérie;Sibirien;;Siberia;;;;;;;;;x
PROV989;Pipeline Lagoon;Sibérie;Sibirien;;Siberia;;;;;;;;;x
PROV990;Switchboard Falls;Sibérie;Sibirien;;Siberia;;;;;;;;;x
PROV991;Ice Castle;Sibérie;Sibirien;;Siberia;;;;;;;;;x
PROV992;Hisstocrat Island;Sibérie;Sibirien;;Siberia;;;;;;;;;x
PROV993;Mount Must Dash;Sibérie;Sibirien;;Siberia;;;;;;;;;x
PROV994;Icy Toad Island;Sibérie;Sibirien;;Siberia;;;;;;;;;x
PROV995;Chain Link Mountain;Sibérie;Sibirien;;Siberia;;;;;;;;;x
PROV996;Ant Trooper Hill;Sibérie;Sibirien;;Siberia;;;;;;;;;x
PROV997;Piranha Creeper Creek;Sibérie;Sibirien;;Siberia;;;;;;;;;x
PROV998;Brolder Island;Sibérie;Sibirien;;Siberia;;;;;;;;;x
PROV999;Brolder Toad House;Sibérie;Sibirien;;Siberia;;;;;;;;;x
PROV1000;Beep Block Skyway;Sibérie;Sibirien;;Siberia;;;;;;;;;x
PROV1001;Big Bounce Byway;Sibérie;Sibirien;;Siberia;;;;;;;;;x
PROV1002;Mystery House;Sibérie;Sibirien;;Siberia;;;;;;;;;x
PROV1003;Spike's Lost City;Sibérie;Sibirien;;Siberia;;;;;;;;;x
PROV1004;Arid Castle;Sibérie;Sibirien;;Siberia;;;;;;;;;x
PROV1005;Sunshine Seaside;Sibérie;Sibirien;;Siberia;;;;;;;;;x
PROV1006;Peek-a-Boo Hill;Sibérie;Sibirien;;Siberia;;;;;;;;;x
PROV1007;Oceanic Midpoint Island;Sibérie;Sibirien;;Siberia;;;;;;;;;x
PROV1008;Bustling City;Sibérie;Sibirien;;Siberia;;;;;;;;;x
PROV1009;Foggy Toad Island;Sibérie;Sibirien;;Siberia;;;;;;;;;x
PROV1010;Sprawling Savannah;Sibérie;Sibirien;;Siberia;;;;;;;;;x
PROV1011;Tricky Trapeze Theater;Sibérie;Sibirien;;Siberia;;;;;;;;;x
PROV1012;Cakewalk Flip;Sibérie;Sibirien;;Siberia;;;;;;;;;x
PROV1013;Dusty Castle;Sibérie;Sibirien;;Siberia;;;;;;;;;x
PROV1014;Toadwood Heart;Sibérie;Sibirien;;Siberia;;;;;;;;;x
PROV1015;Jungle Jam;Sibérie;Sibirien;;Siberia;;;;;;;;;x
PROV1016;Upper Toadwood;Sibérie;Sibirien;;Siberia;;;;;;;;;x
PROV1017;Chimewood;Mer Myrtoenne;West-Kykladen;;Cícladas del oeste;;;;;;;;;x
PROV1018;Haunted Toadwood;Päijänne;Päijänne;;Päijänne;;;;;;;;;x
PROV1019;Lower Toadwood;Mer d'Irlande;Irische See;;Mar de Irlanda;;;;;;;;;x
PROV1020;Urnwood;Méditerranée Occidentale;Westliches Mittelmeer;;Mediterráneo del Oeste;;;;;;;;;x
PROV1021;Misery Clearing;Golfe de Valence;Golf von Valencia;;Golfo de Valencia;;;;;;;;;x
PROV1022;Thickwood;Îles Baléares;Balearen;;Islas Baleares;;;;;;;;;x
PROV1023;Toadwood Beach;Ponant;Ponant;;Ponant;;;;;;;;;x
PROV1024;Toadwood Bay;Mer Méditerranée;Mittelmeer;;Mar Mediterráneo  ;;;;;;;;;x
PROV1025;Toadwood Flats;Golfe du Lion;Golfe du Lion;;Golfo de León;;;;;;;;;x
PROV1026;Toadwood Hill;Lac Léman;Léman-See;;Lago Lemán;;;;;;;;;x
PROV1027;Grass Land;Côte d'Azur;Côte d'Azur;;Costa Azul;;;;;;;;;x
PROV1028;Mushroom Land;Mer Ligurienne;Ligurisches Meer;;Mar de Liguria;;;;;;;;;x
PROV1029;Pipe Island;Mer Tyrrhénienne;Tyrrhenisches Meer;;Mar Tirreno;;;;;;;;;x
PROV1030;Crescent Coast;Côte de Sardaigne;Sardegna-Küste;;Costa de Cerdeña;;;;;;;;;x
PROV1031;Spirit Mountain;Golfe de Naples;Golf von Neapel;;Golfo de Nápoles;;;;;;;;;x
PROV1032;Light Float Castle;Détroit de Messine;Messina-Straße;;Estrecho de Mesina;;;;;;;;;x
PROV1033;Cornice Cave;Golfe de Hammamet;Golf von Hammamet;;Golfo de Hammamet;;;;;;;;;x
PROV1034;Ghost Mansion;Canal de Malte;Maltakanal;;Canal de Malta;;;;;;;;;x
PROV1035;Dark Sea;Golfe de Sidra;Golf von Sidra;;Golfo de Sidra;;;;;;;;;x
PROV1036;Dark Float Castle;Golfe de Tarante;Golf von Tarent;;Golfo de Otranto;;;;;;;;;x
PROV1037;Bowser's Castle;Mer Ionienne;Ionisches Meer;;Mar Jónico;;;;;;;;;x
#PROV1038;UNASSIGNED;Détroit d'Otrante;Straße von Otranto;;Estrecho de Otranto;;;;;;;;;x


PROV1039;Lemon Soda Ocean Coast;;;;;;;;;;;;;x
PROV1040;Lemon Soda Ocean Trench;;;;;;;;;;;;;x
PROV1041;Yoshi's Island Coast;;;;;;;;;;;;;x
PROV1042;Donut Coast;;;;;;;;;;;;;x
PROV1043;Vanilla Coast;;;;;;;;;;;;;x
PROV1044;Cheese Coast;;;;;;;;;;;;;x
PROV1045;Lemon Soda Reach;;;;;;;;;;;;;x
PROV1046;Soda Sea;;;;;;;;;;;;;x
PROV1047;Lemon Soda Deep;;;;;;;;;;;;;x
PROV1048;Dinosaurward Coast;;;;;;;;;;;;;x
PROV1049;Seasideward Coast;;;;;;;;;;;;;x
PROV1050;Deep Coast;;;;;;;;;;;;;x
PROV1051;Marioward Coast;;;;;;;;;;;;;x
PROV1052;Seaside Coast;;;;;;;;;;;;;x
PROV1053;Frigid Ocean;;;;;;;;;;;;;x
PROV1054;Beanbean Bay;;;;;;;;;;;;;x
PROV1055;Gwarhar Lagoon;;;;;;;;;;;;;x
PROV1056;Oho Bay;;;;;;;;;;;;;x
PROV1057;Kero Inlet;;;;;;;;;;;;;x
PROV1058;Chucklehuck Coast;;;;;;;;;;;;;x
PROV1059;Anuran Waters;;;;;;;;;;;;;x
PROV1060;Muda Cove;;;;;;;;;;;;;x
PROV1061;Toad Town Harbour;;;;;;;;;;;;;x
PROV1062;Delfino Sea Lane;;;;;;;;;;;;;x
PROV1063;Airstrip Straights;;;;;;;;;;;;;x
PROV1064;Corona Coast;;;;;;;;;;;;;x
PROV1065;Pianta Coast;;;;;;;;;;;;;x
PROV1066;Pianta Cove;;;;;;;;;;;;;x
PROV1067;Sirena Straights;;;;;;;;;;;;;x
PROV1068;Gelato Bay;;;;;;;;;;;;;x
PROV1069;Ricco Harbour;;;;;;;;;;;;;x
PROV1070;Pinna Bay;;;;;;;;;;;;;x
PROV1071;Northern Crab Coast;;;;;;;;;;;;;x
PROV1072;Artiglio Bay;;;;;;;;;;;;;x
PROV1073;Southern Crab Coast;;;;;;;;;;;;;x
PROV1074;Western Crab Coast;;;;;;;;;;;;;x
PROV1075;Minnow Coast;;;;;;;;;;;;;x
PROV1076;West Flipper Approach;;;;;;;;;;;;;x
PROV1077;Northern Turtle Approach;;;;;;;;;;;;;x
PROV1078;East Flipper Approach;;;;;;;;;;;;;x
PROV1079;South Turtle Sea;;;;;;;;;;;;;x
PROV1080;Citrus Eel Bay;;;;;;;;;;;;;x
PROV1081;Eel Tail Calm;;;;;;;;;;;;;x
PROV1082;Straights of the Eel;;;;;;;;;;;;;x
PROV1083;Eel's Maw Cove;;;;;;;;;;;;;x
PROV1084;Jelly Pepper Approach;;;;;;;;;;;;;x
PROV1085;Spice Trader Bay;;;;;;;;;;;;;x
PROV1086;Pepper Inlet;;;;;;;;;;;;;x
PROV1087;Tentacle Cove;;;;;;;;;;;;;x
PROV1088;Eastern Stinger Approach;;;;;;;;;;;;;x
PROV1089;Southern Two Fish Bay;;;;;;;;;;;;;x
PROV1090;Northern Two Fish Bay;;;;;;;;;;;;;x
PROV1091;Angelfish Bay;;;;;;;;;;;;;x
PROV1092;Fishfin Coast;;;;;;;;;;;;;x
PROV1093;Fishhead Approach;;;;;;;;;;;;;x
PROV1094;Dorsal Bay;;;;;;;;;;;;;x
PROV1095;Sarasa Ocean;;;;;;;;;;;;;x
PROV1096;Rare Approach Dead Zone;;;;;;;;;;;;;x
PROV1097;Western Blue Ocean;;;;;;;;;;;;;x
PROV1098;Eastern Blue Ocean;;;;;;;;;;;;;x
PROV1099;Northern Blue Ocean;;;;;;;;;;;;;x
PROV1100;Eastern Arctic Ocean;;;;;;;;;;;;;x
PROV1101;Arctic Ocean;;;;;;;;;;;;;x
PROV1102;Toad Cove;;;;;;;;;;;;;x
PROV1103;North Cavi Cape;;;;;;;;;;;;;x
PROV1104;South Cavi Cape;;;;;;;;;;;;;x
PROV1105;Plack Coast;;;;;;;;;;;;;x
PROV1106;Goomba Coast;;;;;;;;;;;;;x
PROV1107;Koopa Cape;;;;;;;;;;;;;x
PROV1108;Diamond Bay;;;;;;;;;;;;;x
PROV1109;Baseball Island;;;;;;;;;;;;;x
PROV1110;Sparkling Waters;;;;;;;;;;;;;x
PROV1111;Royal Desert Coast;;;;;;;;;;;;;x
PROV1112;Southern Desert Hill Channel;;;;;;;;;;;;;x
PROV1113;Northern Desert Hill Channel;;;;;;;;;;;;;x
PROV1114;Pipe Maze Straights;;;;;;;;;;;;;x
PROV1115;Grass Land Coast;;;;;;;;;;;;;x
PROV1116;Drybake Coast;;;;;;;;;;;;;x
PROV1117;Decalburg Bay;;;;;;;;;;;;;x
PROV1118;Leaflitter Inlet;;;;;;;;;;;;;x
PROV1119;Big City Bay;;;;;;;;;;;;;x
PROV1120;Castaway Islands;;;;;;;;;;;;;x
PROV1121;Dolphin Coast;;;;;;;;;;;;;x
PROV1122;Eastern Mushroom Cape;;;;;;;;;;;;;x
PROV1123;Southern Mushroom Cape;;;;;;;;;;;;;x
PROV1124;Cheep Cheep Approach;;;;;;;;;;;;;x
PROV1125;Waluigi's Island;;;;;;;;;;;;;x
PROV1126;Wario's Island;;;;;;;;;;;;;x
PROV1127;Fungus Coast;;;;;;;;;;;;;x
PROV1128;Shroom Bay;;;;;;;;;;;;;x
PROV1129;Happy Harbour;;;;;;;;;;;;;x
PROV1130;Southern Fruit Kingdoms;;;;;;;;;;;;;x
PROV1131;Shy Guy Islands;;;;;;;;;;;;;x
PROV1132;Secret Island;;;;;;;;;;;;;x
PROV1133;Secluded Approach;;;;;;;;;;;;;x
PROV1134;Mangrove Sea;;;;;;;;;;;;;x
PROV1135;Autumn Isles;;;;;;;;;;;;;x
PROV1136;Savannah Shoal;;;;;;;;;;;;;x
PROV1137;Sea Breeze Current;;;;;;;;;;;;;x
PROV1138;Fruit Juice Approach;;;;;;;;;;;;;x
PROV1139;Southern Sea of Kong;;;;;;;;;;;;;x
PROV1140;Northern Sea of Kong;;;;;;;;;;;;;x
PROV1141;Bonus Islands;;;;;;;;;;;;;x
PROV1142;Banana Fairy Seamounts;;;;;;;;;;;;;x
PROV1143;Crocodile Coast;;;;;;;;;;;;;x
PROV1144;Starfruit and Pepper Islands;;;;;;;;;;;;;x
PROV1145;Middle Fruit Kingdoms;;;;;;;;;;;;;x
PROV1146;Swingin' Straights;;;;;;;;;;;;;x
PROV1147;Northern Swingin' Chain;;;;;;;;;;;;;x
PROV1148;Southern Swingin' Chain;;;;;;;;;;;;;x
PROV1149;Arctic Fruit Kingdoms;;;;;;;;;;;;;x
PROV1150;Mammoth Coast;;;;;;;;;;;;;x
PROV1151;Vibe-Timber Channel;;;;;;;;;;;;;x
PROV1152;Vibe Coast;;;;;;;;;;;;;x
PROV1153;Timber Coast;;;;;;;;;;;;;x
PROV1154;Piscene Coast;;;;;;;;;;;;;x
PROV1155;Rough Coast;;;;;;;;;;;;;x
PROV1156;Krem Jungle Coast;;;;;;;;;;;;;x
PROV1157;Dino Coast;;;;;;;;;;;;;x
PROV1158;Misty Coast;;;;;;;;;;;;;x
PROV1159;Crocodile Bay;;;;;;;;;;;;;x
PROV1160;Kremling Seamounts;;;;;;;;;;;;;x
PROV1161;Banana Bird Bay;;;;;;;;;;;;;x
PROV1162;Southern Jewelry Islands;;;;;;;;;;;;;x
PROV1163;Northern Jewelry Islands;;;;;;;;;;;;;x
PROV1164;Pillow Islands;;;;;;;;;;;;;x
PROV1165;Southeast Ocean Side;;;;;;;;;;;;;x
PROV1166;Thunder Island;;;;;;;;;;;;;x
PROV1167;Thunderous Straits;;;;;;;;;;;;;x
PROV1168;Mouth of Ocean Side Bay;;;;;;;;;;;;;x
PROV1169;Ocean Side Bay;;;;;;;;;;;;;x
PROV1170;Southern Lava Lava Island;;;;;;;;;;;;;x
PROV1171;Northern Lava Lava Island;;;;;;;;;;;;;x
PROV1172;Birabuto Bay;;;;;;;;;;;;;x
PROV1173;Chai Coast;;;;;;;;;;;;;x
PROV1174;Sprixie Canyon Bay;;;;;;;;;;;;;x
PROV1175;Ant Islands;;;;;;;;;;;;;x
PROV1176;Sprixie Canyon Approach;;;;;;;;;;;;;x
PROV1177;Toadstool Trench;;;;;;;;;;;;;x
PROV1178;Cheep Cheep Shoals;;;;;;;;;;;;;x
PROV1179;Blooper Reef;;;;;;;;;;;;;x
PROV1180;Rugged Countercurrent;;;;;;;;;;;;;x
PROV1181;Canyon Sprixie Current;;;;;;;;;;;;;x
PROV1182;Mineral Coast;;;;;;;;;;;;;x
PROV1183;Floral Coast;;;;;;;;;;;;;x
PROV1184;Muda Coast;;;;;;;;;;;;;x
PROV1185;Yo'ster Island;;;;;;;;;;;;;x
PROV1186;Birabuto Coast;;;;;;;;;;;;;x
PROV1187;Daisy Coast;;;;;;;;;;;;;x
PROV1188;Deep Ocean Trench;;;;;;;;;;;;;x
PROV1189;Southern Cloud Sprixie Coast;;;;;;;;;;;;;x
PROV1190;Western Cloud Sprixie Coast;;;;;;;;;;;;;x
PROV1191;Northern Cloud Sprixie Coast;;;;;;;;;;;;;x
PROV1192;Eastern Cloud Sprixie Coast;;;;;;;;;;;;;x
PROV1193;Oceanic Midpoint;;;;;;;;;;;;;x
PROV1194;Midpoint Current;;;;;;;;;;;;;x
PROV1195;Dinosaur Ocean Trench;;;;;;;;;;;;;x
PROV1196;Dinosaur Approacht;;;;;;;;;;;;;x
PROV1197;Southern Meadow Sprixie Coast;;;;;;;;;;;;;x
PROV1198;Northern Meadow Sprixie Coast;;;;;;;;;;;;;x
PROV1199;Western Desert Sprixie Coast;;;;;;;;;;;;;x
PROV1200;Eastern Desert Sprixie Coast;;;;;;;;;;;;;x
PROV1201;Straights of Gordon;;;;;;;;;;;;;x
PROV1202;Snowflake Straight;;;;;;;;;;;;;x
PROV1203;Brr Bay;;;;;;;;;;;;;x
PROV1204;Blizzard Cove;;;;;;;;;;;;;x
PROV1205;Iceberg Alley;;;;;;;;;;;;;x
PROV1206;Snowy Sea;;;;;;;;;;;;;x
PROV1207;Snow Cove;;;;;;;;;;;;;x
PROV1208;Flurry Current;;;;;;;;;;;;;x
PROV1209;Ice Cube Coast;;;;;;;;;;;;;x
PROV1210;Iced Coast;;;;;;;;;;;;;x
PROV1211;Deep Frigid Trench;;;;;;;;;;;;;x
PROV1212;Great Frozen Bay;;;;;;;;;;;;;x
PROV1213;Sticker Sea;;;;;;;;;;;;;x
PROV1214;Icewater Cove;;;;;;;;;;;;;x
PROV1215;Straights of Bowser;;;;;;;;;;;;;x
PROV1216;Pack Ice Coast;;;;;;;;;;;;;x
PROV1217;Frostbite Sea;;;;;;;;;;;;;x
PROV1218;e Bay;;;;;;;;;;;;;x
PROV1219;Blackheart Coast;;;;;;;;;;;;;x
PROV1220;Sea of Nightmares;;;;;;;;;;;;;x
PROV1221;Cape of Bad Hope;;;;;;;;;;;;;x
PROV1222;Jealous Coast;;;;;;;;;;;;;x
PROV1223;Coast of Rage;;;;;;;;;;;;;x
PROV1224;Straights of Mist and Fog;;;;;;;;;;;;;x
PROV1225;Cloudy Coast;;;;;;;;;;;;;x
PROV1226;e Trench;;;;;;;;;;;;;x
PROV1227;Big Narrows;;;;;;;;;;;;;x
PROV1228;Oceanic Bay;;;;;;;;;;;;;x
PROV1229;Cape of Ocean Side;;;;;;;;;;;;;x
PROV1230;Oceanic Sea Breach;;;;;;;;;;;;;x
PROV1231;Cape of Beaches;;;;;;;;;;;;;x
PROV1232;Dusty Coast;;;;;;;;;;;;;x
PROV1233;Third Coast;;;;;;;;;;;;;x
PROV1234;Oceanic Straights;;;;;;;;;;;;;x
PROV1235;Blue Water Coast;;;;;;;;;;;;;x
PROV1236;Cloudy Straights;;;;;;;;;;;;;x
PROV1237;Narrow Bay;;;;;;;;;;;;;x
PROV1238;Mouth of Giants;;;;;;;;;;;;;x
PROV1239;Mushroom Approach;;;;;;;;;;;;;x
PROV1240;Great Mushroom Sea;;;;;;;;;;;;;x
PROV1241;Rogue Harbour;;;;;;;;;;;;;x
PROV1242;Bay of Petals;;;;;;;;;;;;;x
PROV1243;Twighlight Narrows;;;;;;;;;;;;;x
PROV1244;Keelhaul Straights;;;;;;;;;;;;;x
PROV1245;Cape Poshley;;;;;;;;;;;;;x
PROV1246;Twighlight Cove;;;;;;;;;;;;;x
PROV1247;Smuggler's Cove;;;;;;;;;;;;;x
PROV1248;Quiet Firth;;;;;;;;;;;;;x
PROV1249;Wet-Dry Harbour;;;;;;;;;;;;;x
PROV1250;Petal Approach;;;;;;;;;;;;;x
PROV1251;Heavenly Coast;;;;;;;;;;;;;x
PROV1252;Twilit Sea;;;;;;;;;;;;;x
PROV1253;Fruity Current;;;;;;;;;;;;;x
PROV1254;Fruity Countercurrent;;;;;;;;;;;;;x
PROV1255;Mushroom Deep;;;;;;;;;;;;;x
PROV1256;Rare Sea;;;;;;;;;;;;;x
PROV1257;The Great Calm;;;;;;;;;;;;;x
PROV1258;Boggly Coastline;;;;;;;;;;;;;x
PROV1259;Hideaway Bay;;;;;;;;;;;;;x
PROV1260;Fahr Coast;;;;;;;;;;;;;x
PROV1261;Magnetic Coast;;;;;;;;;;;;;x
PROV1262;Penguin Coast;;;;;;;;;;;;;x
PROV1263;Santa Sea;;;;;;;;;;;;;x
PROV1264;Icepeak Coast;;;;;;;;;;;;;x
PROV1265;Cool, Cool Coastline;;;;;;;;;;;;;x
PROV1266;Sherbet Coast;;;;;;;;;;;;;x
PROV1267;Shivering Coastline;;;;;;;;;;;;;x
PROV1268;Ice Koopa Coast;;;;;;;;;;;;;x
PROV1269;Frosty Bay;;;;;;;;;;;;;x
PROV1270;Toadwood Bay;;;;;;;;;;;;;x
PROV1271;King's Cove;;;;;;;;;;;;;x
PROV1272;Shipwrecker Bay;;;;;;;;;;;;;x
PROV1273;Mole Harbour;;;;;;;;;;;;;x
PROV1274;Mole Coast;;;;;;;;;;;;;x
PROV1275;Twin Bays;;;;;;;;;;;;;x
PROV1276;Shipwreck Sea;;;;;;;;;;;;;x
PROV1277;Monster Cove;;;;;;;;;;;;;x
PROV1278;Bay of Storms;;;;;;;;;;;;;x
PROV1279;Sea of Mario;;;;;;;;;;;;;x
PROV1280;Marionic Tidal Zone;;;;;;;;;;;;;x
PROV1281;Yoshi's Approach;;;;;;;;;;;;;x
PROV1282;Nimbus Coast;;;;;;;;;;;;;x
PROV1283;Sulphuric Coast;;;;;;;;;;;;;x
PROV1284;Rice Coast;;;;;;;;;;;;;x
PROV1285;Sherbet Ocean Region;;;;;;;;;;;;;x
PROV1286;Kitchen Coast;;;;;;;;;;;;;x
PROV1287;Kitchen Island Approach;;;;;;;;;;;;;x
PROV1288;Sea of Tranquility;;;;;;;;;;;;;x
PROV1289;Koopa Coast;;;;;;;;;;;;;x
PROV1290;Frozen Turtle Coast;;;;;;;;;;;;;x
PROV1291;Eastern Bowser Approach;;;;;;;;;;;;;x
PROV1292;North Coast of Toadwood;;;;;;;;;;;;;x
PROV1293;Hisstocrat Sea;;;;;;;;;;;;;x
PROV1294;Chain Link Coast;;;;;;;;;;;;;x
PROV1295;Frosted Ice Coast;;;;;;;;;;;;;x
PROV1296;Snowberg Alley;;;;;;;;;;;;;x
PROV1297;Northern Sprixie Sea;;;;;;;;;;;;;x
PROV1298;Steep Coast;;;;;;;;;;;;;x
PROV1299;Sandy Coast;;;;;;;;;;;;;x
PROV1300;Continental Dropoff;;;;;;;;;;;;;x
PROV1301;Beanbean Cove;;;;;;;;;;;;;x
PROV1302;Awazon River;;;;;;;;;;;;;x
PROV1303;Awazon River;;;;;;;;;;;;;x
PROV1304;Awazon River;;;;;;;;;;;;;x
PROV1305;Mouth of the Awazon;;;;;;;;;;;;;x
PROV1306;Midas Falls;;;;;;;;;;;;;x
PROV1307;Midas River;;;;;;;;;;;;;x
PROV1308;Vanilla Falls;;;;;;;;;;;;;x
PROV1309;Donut River;;;;;;;;;;;;;x
PROV1310;Banana Bird Falls;;;;;;;;;;;;;x
PROV1311;Bear River;;;;;;;;;;;;;x
PROV1312;Razor Falls;;;;;;;;;;;;;x
PROV1313;Bear Falls;;;;;;;;;;;;;x
PROV1314;Blackforest River;;;;;;;;;;;;;x
PROV1315;Blackforest River;;;;;;;;;;;;;x
PROV1316;Tropica River;;;;;;;;;;;;;x
PROV1317;Tropica River;;;;;;;;;;;;;x
PROV1318;Tropica River;;;;;;;;;;;;;x
PROV1319;Tropica River;;;;;;;;;;;;;x
PROV1320;Verge River;;;;;;;;;;;;;x
PROV1321;Monkey Falls;;;;;;;;;;;;;x
PROV1322;Minke Falls;;;;;;;;;;;;;x
PROV1323;Koco River;;;;;;;;;;;;;x
PROV1324;Koco River;;;;;;;;;;;;;x
PROV1325;Mill River;;;;;;;;;;;;;x
PROV1326;Salmon River;;;;;;;;;;;;;x
PROV1327;Salmon River;;;;;;;;;;;;;x
PROV1328;Salmon River;;;;;;;;;;;;;x
PROV1329;Salmon River;;;;;;;;;;;;;x
PROV1330;Salmon River;;;;;;;;;;;;;x
PROV1331;Salmon River;;;;;;;;;;;;;x
PROV1332;Salmon River;;;;;;;;;;;;;x
PROV1333;Salmon River;;;;;;;;;;;;;x
PROV1334;Salt River;;;;;;;;;;;;;x
PROV1335;Tyler River;;;;;;;;;;;;;x
PROV1336;Tyler River;;;;;;;;;;;;;x
PROV1337;Tyler River;;;;;;;;;;;;;x
PROV1338;Tyler River;;;;;;;;;;;;;x
PROV1339;Tyler River;;;;;;;;;;;;;x
PROV1340;Tyler River;;;;;;;;;;;;;x
PROV1341;Tyler River;;;;;;;;;;;;;x
PROV1342;Sprixie River;;;;;;;;;;;;;x
PROV1343;Star River;;;;;;;;;;;;;x
PROV1344;Star River;;;;;;;;;;;;;x
PROV1345;Star River;;;;;;;;;;;;;x
PROV1346;Star River;;;;;;;;;;;;;x
PROV1347;Star River;;;;;;;;;;;;;x
PROV1348;Star River;;;;;;;;;;;;;x
PROV1349;Star River;;;;;;;;;;;;;x
PROV1350;Star River;;;;;;;;;;;;;x
PROV1351;Star River;;;;;;;;;;;;;x
PROV1352;Star River;;;;;;;;;;;;;x
PROV1353;Star River;;;;;;;;;;;;;x
PROV1354;Star River;;;;;;;;;;;;;x
PROV1355;Mushroom River;;;;;;;;;;;;;x
PROV1356;Mushroom River;;;;;;;;;;;;;x
PROV1357;Mushroom River;;;;;;;;;;;;;x
PROV1358;Mushroom River;;;;;;;;;;;;;x
PROV1359;Mushroom River;;;;;;;;;;;;;x
PROV1360;Mushroom River;;;;;;;;;;;;;x
PROV1361;Mushroom River;;;;;;;;;;;;;x
PROV1362;Mushroom River;;;;;;;;;;;;;x
PROV1363;Mushroom River;;;;;;;;;;;;;x
PROV1364;Mushroom River;;;;;;;;;;;;;x
PROV1365;Mushroom River;;;;;;;;;;;;;x
PROV1366;Mushroom River;;;;;;;;;;;;;x
PROV1367;Koopa River;;;;;;;;;;;;;x
PROV1368;Koopa River;;;;;;;;;;;;;x
PROV1369;Koopa River;;;;;;;;;;;;;x
PROV1370;Koopa River;;;;;;;;;;;;;x
PROV1371;Cold River;;;;;;;;;;;;;x
PROV1372;Cold River;;;;;;;;;;;;;x
PROV1373;Cold River;;;;;;;;;;;;;x
PROV1374;Cold River;;;;;;;;;;;;;x
PROV1375;Cold River;;;;;;;;;;;;;x
PROV1376;Cold River;;;;;;;;;;;;;x
PROV1377;Cold River;;;;;;;;;;;;;x
PROV1378;Cold River;;;;;;;;;;;;;x
PROV1379;Cold River;;;;;;;;;;;;;x
PROV1380;Cold River;;;;;;;;;;;;;x
PROV1381;Cold River;;;;;;;;;;;;;x
PROV1382;Cold River;;;;;;;;;;;;;x
PROV1383;Cold River;;;;;;;;;;;;;x
PROV1384;Cold River;;;;;;;;;;;;;x
PROV1385;Cold River;;;;;;;;;;;;;x
PROV1386;Toad River;;;;;;;;;;;;;x
PROV1387;Toad River;;;;;;;;;;;;;x
PROV1388;Toad River;;;;;;;;;;;;;x
PROV1389;Garden River;;;;;;;;;;;;;x
PROV1390;Garden River;;;;;;;;;;;;;x
PROV1391;Boo River;;;;;;;;;;;;;x
PROV1392;Boo River;;;;;;;;;;;;;x
PROV1393;Boo River;;;;;;;;;;;;;x
PROV1394;Boo River;;;;;;;;;;;;;x
PROV1395;Boo River;;;;;;;;;;;;;x
PROV1396;Boo River;;;;;;;;;;;;;x
PROV1397;Rapid River;;;;;;;;;;;;;x
PROV1398;Rapid River;;;;;;;;;;;;;x
PROV1399;Fairy River;;;;;;;;;;;;;x
PROV1400;Fairy River;;;;;;;;;;;;;x
PROV1401;Fairy River;;;;;;;;;;;;;x
PROV1402;Fairy River;;;;;;;;;;;;;x
PROV1403;Fairy River;;;;;;;;;;;;;x
PROV1404;Fairy River;;;;;;;;;;;;;x
PROV1405;Fairy River;;;;;;;;;;;;;x
PROV1406;Fairy River;;;;;;;;;;;;;x
PROV1407;Yosu Rapids;;;;;;;;;;;;;x
PROV1408;Diamond River;;;;;;;;;;;;;x
PROV1409;Diamond River;;;;;;;;;;;;;x
PROV1410;Pacifica;;;;;;;;;;;;;x
PROV1411;Banana Bird Lake;;;;;;;;;;;;;x
PROV1412;Lake Orangatanga;;;;;;;;;;;;;x
PROV1413;Kremling Lake;;;;;;;;;;;;;x
PROV1414;Kremling Lake;;;;;;;;;;;;;x
PROV1415;Kremling Lake;;;;;;;;;;;;;x
PROV1416;Icy Lake;;;;;;;;;;;;;x
PROV1417;Lake Lodge;;;;;;;;;;;;;x
PROV1418;Roolenstein Lake;;;;;;;;;;;;;x
PROV1419;Kroc Pond;;;;;;;;;;;;;x
PROV1420;Miller Lake;;;;;;;;;;;;;x
PROV1421;Great Ape Lakes;;;;;;;;;;;;;x
PROV1422;Lake of the Vines;;;;;;;;;;;;;x
PROV1423;Crocodile Lake;;;;;;;;;;;;;x
PROV1424;Crocodile Lake;;;;;;;;;;;;;x
PROV1425;Crocodile Lake;;;;;;;;;;;;;x
PROV1426;Crocodile Lake;;;;;;;;;;;;;x
PROV1427;Crocodile Lake;;;;;;;;;;;;;x
PROV1428;Crocodile Lake;;;;;;;;;;;;;x
PROV1429;Upper Factory Lake;;;;;;;;;;;;;x
PROV1430;Lower Factory Lake;;;;;;;;;;;;;x
PROV1431;Timber Lake;;;;;;;;;;;;;x
PROV1432;Joy Lake;;;;;;;;;;;;;x
PROV1433;Lake of Fire;;;;;;;;;;;;;x
PROV1434;Big Moat;;;;;;;;;;;;;x
PROV1435;Rough Lake;;;;;;;;;;;;;x
PROV1436;Jungle Pond;;;;;;;;;;;;;x
PROV1437;Frozen Lake;;;;;;;;;;;;;x
PROV1438;Lethal Lava Land;;;;;;;;;;;;;x
PROV1439;Third Lake;;;;;;;;;;;;;x
PROV1440;Desert Oasis;;;;;;;;;;;;;x
PROV1441;Grassland Moat;;;;;;;;;;;;;x
PROV1442;Warm Fuzzy Lake;;;;;;;;;;;;;x
PROV1443;Damp Oasis;;;;;;;;;;;;;x
PROV1444;Gauntlet Pond;;;;;;;;;;;;;x
PROV1445;Strike Lake;;;;;;;;;;;;;x
PROV1446;Snowflake Lake;;;;;;;;;;;;;x
PROV1447;Chilly Lakes;;;;;;;;;;;;;x
PROV1448;Lake T;;;;;;;;;;;;;x
PROV1449;Yosu Lake;;;;;;;;;;;;;x
PROV1450;Cheep Cheep Lake;;;;;;;;;;;;;x
PROV1451;Park Lake;;;;;;;;;;;;;x
PROV1452;Boo Lake;;;;;;;;;;;;;x
PROV1453;Blubble Lake;;;;;;;;;;;;;x
PROV1454;Yoshi Lake;;;;;;;;;;;;;x
PROV1455;Turtleshell Lake;;;;;;;;;;;;;x
PROV1456;Soda Marsh;;;;;;;;;;;;;x
PROV1457;Fisheye Lake;;;;;;;;;;;;;x
PROV1458;Jade Jungle;;;;;;;;;;;;;x
PROV1459;Canyon Lake;;;;;;;;;;;;;x
PROV1460;Muda Lake;;;;;;;;;;;;;x
PROV1461;Awazon Basin;;;;;;;;;;;;;x
PROV1462;Yoshi's Island Lake;;;;;;;;;;;;;x
PROV1463;Donut Lake;;;;;;;;;;;;;x
PROV1464;Soda Lake;;;;;;;;;;;;;x
PROV1465;Kettle Lake;;;;;;;;;;;;;x
PROV1466;Toadwood Lake;;;;;;;;;;;;;x
PROV1467;Turtle Bog;;;;;;;;;;;;;x
PROV1468;Mushroom Swamp;;;;;;;;;;;;;x
PROV1469;Royal Lake;;;;;;;;;;;;;x
PROV1470;Tadpole Pond;;;;;;;;;;;;;x
PROV1471;Mushroom Sea;;;;;;;;;;;;;x
PROV1472;Mushroom Sea;;;;;;;;;;;;;x
PROV1473;Mushroom Sea;;;;;;;;;;;;;x
PROV1474;Mushroom Sea;;;;;;;;;;;;;x
PROV1475;Mushroom Sea;;;;;;;;;;;;;x
PROV1476;Mushroom Sea;;;;;;;;;;;;;x
PROV1477;Mushroom Sea;;;;;;;;;;;;;x
PROV1478;Sulphur Lake;;;;;;;;;;;;;x
PROV1479;Guffawha Lake;;;;;;;;;;;;;x
PROV1480;Chucklehuck Lake;;;;;;;;;;;;;x
PROV1481;Crab Lake;;;;;;;;;;;;;x
PROV1482;Tartaruga Lake;;;;;;;;;;;;;x

city_emperor_delfino_islands;El Presidente;Grand Prince;Grand Prinz;;Gran Príncipe;;;;;;;;;x
city_king_delfino_islands;Captain-General;Doge Sérénissime;Durchlauchter Doge;;Duque Sereno;;;;;;;;;x
city_duke_delfino_islands;Director;Doge;Doge;;Dux;;;;;;;;;x
city_count_delfino_islands;Grand Mayor;Seigneur-Maire;Oberbürgermeister;;Gran Alcalde;;;;;;;;;x
city_baron;Mayor;Bourgmestre;Bürgermeister;;Alcalde;;;;;;;;;x
emperor_delfino_islands;Imperator;Grand Prince;Grand Prinz;;Gran Príncipe;;;;;;;;;x
king_delfino_islands;Rex;Doge Sérénissime;Durchlauchter Doge;;Duque Sereno;;;;;;;;;x
duke_delfino_islands;Grand Prince;Doge;Doge;;Dux;;;;;;;;;x
count_delfino_islands;Prince;Seigneur-Maire;Oberbürgermeister;;Gran Alcalde;;;;;;;;;x
baron;Baron;Bourgmestre;Bürgermeister;;Alcalde;;;;;;;;;x
temple_emperor_delfino_islands;Godfather;Grand Prince;Grand Prinz;;Gran Príncipe;;;;;;;;;x
temple_emperor_female_delfino_islands;Godmother;Grand Prince;Grand Prinz;;Gran Príncipe;;;;;;;;;x
temple_king_delfino_islands;Signor;Doge Sérénissime;Durchlauchter Doge;;Duque Sereno;;;;;;;;;x
temple_king_female_delfino_islands;Messere;Doge Sérénissime;Durchlauchter Doge;;Duque Sereno;;;;;;;;;x
temple_duke_delfino_islands;Provost;Doge;Doge;;Dux;;;;;;;;;x
temple_count_delfino_islands;Elder;Seigneur-Maire;Oberbürgermeister;;Gran Alcalde;;;;;;;;;x
temple_baron;Judge;Bourgmestre;Bürgermeister;;Alcalde;;;;;;;;;x









#CODE;ENGLISH;;;;;;;;;;;;;x
#Cultural Buildings

#Cultural Building Description

#Retinue names

#Event descriptions
EVTDESCSSWISH1;Please, mighty star spirit, hear my wish...;;;;;;;;;;;;;x
EVTDESC_WISHHEALTH;Faithful one, your wish has been granted.  May you enjoy everlasting health!;;;;;;;;;;;;;x
EVTDESC_WISHWEALTH;Faithful one, your wish has been granted.  May you enjoy neverending wealth!;;;;;;;;;;;;;x
EVTDESC_WISHPRESTIGE;Faithful one, your wish has been granted.  May you enjoy untold appreciation!;;;;;;;;;;;;;x
EVTDESC_WISHSTATFARM;Faithful one, your wish has been granted.  May you enjoy undeniable greatness!;;;;;;;;;;;;;x
EVTDESC_WISHDENIED;You try to hold back the tears as you realise there will be no magic tonight. Your tears turn to rage.;;;;;;;;;;;;;x
EVTDESC_ZTARRED;Although you have been good and faithful to the Star Spirits, the power of the Ztars is too strong, and before you even had the chance to make them, your wishes have been taken from you.;;;;;;;;;;;;;x
EVTDESC_ZTARRED2;Your hard work and dedication to the Ztars has paid off.  That's one wish that will never be granted.;;;;;;;;;;;;;x
EVTDESCHAPPINESS;Being a worshipper of happiness comes with certain benefits;;;;;;;;;;;;;x
EVTDESC_WHOOPSHAPPINESS;Somehow you ended up without the happiness trait.  Whoops.;;;;;;;;;;;;;x
EVTDESCGREED;Being a worshipper of greed comes with certain benefits;;;;;;;;;;;;;x
EVTDESC_WHOOPSGREED;Somehow you ended up without the greed trait.  Whoops.;;;;;;;;;;;;;x
EVTDESCYEARGREED;Your devotion to Greed pays dividends;;;;;;;;;;;;;x
EVTDESCGREEDSTHEFT;It's time to rob some foolish faithful!;;;;;;;;;;;;;x
EVTDESCGREEDSTHEFT2;The Greed Spirit has visited us in the night! We have been robbed!;;;;;;;;;;;;;x
EVTDESC_VASSALTHEFT;Your vassal has robbed you!;;;;;;;;;;;;;x
EVTDESCYEARLYGAMB;The impulse to gamble is too strong, you must indulge, you can't stop yourself.;;;;;;;;;;;;;x

#Event options
EVTOPTYESSSWISH1;I will hear the wish.;;;;;;;;;;;;;x
EVTOPTNOSSWISH1;I will hear no wish from this one.;;;;;;;;;;;;;x
EVTOPT_YIPPEE;YIPPEE!;;;;;;;;;;;;;x
EVTOPT_BWAHAHAHA;BWAHAHAHA!;;;;;;;;;;;;;x
EVTOPTA_MARIO5;How could I have been so unworthy?;;;;;;;;;;;;;x
EVTOPTB_MARIO5;I will make the star spirits suffer!;;;;;;;;;;;;;x
EVTOPTC_MARIO5;There's nothing I can do.;;;;;;;;;;;;;x
EVTOPTD_MARIO5;No longer will I worship the stars!;;;;;;;;;;;;;x
EVTOPT_MARIO6;These heretics are heartless.;;;;;;;;;;;;;x
EVTOPT_MARIO7;The Ztars are strong!;;;;;;;;;;;;;x
EVTOPT_OHWO;OH WOAH WOAH WOAH!;;;;;;;;;;;;;x
EVTOPLOW;I'll just place a small bet;;;;;;;;;;;;;x
EVTOPMID;Well, let's make things interesting...;;;;;;;;;;;;;x
EVTOPHIGH;Go big or go home!;;;;;;;;;;;;;x

#Names
seven_stars;Faith of the Seven Stars;;;;;;;;;;;;;x
ztar_faith;Ztar Faith;;;;;;;;;;;;;x
dark_star_faith;Dark Star Faith;;;;;;;;;;;;;x
shine_sprites;Shine Sprite;;;;;;;;;;;;;x
happiness;Happiness;;;;;;;;;;;;;x
astrotheology;Astrotheology;;;;;;;;;;;;;x
primitive;Primitive;;;;;;;;;;;;;x
personality_cult;Cult of Personality;;;;;;;;;;;;;x
bowser_religion;Bowser;;;;;;;;;;;;;x
GOD_THE_STAR_SPIRITS;The Star Spirits;;;;;;;;;;;;;x
GOD_THE_STARS;The Stars;;;;;;;;;;;;;x
GOD_THE_DARK_STAR;The Dark Star;;;;;;;;;;;;;x
EVIL_SPIRITS;Evil Spirits;;;;;;;;;;;;;x
THE_STARS;The Stars;;;;;;;;;;;;;x
GOD_THE_ZTARS;The Ztars;;;;;;;;;;;;;x
THE_ZTARS;The Ztars;;;;;;;;;;;;;x
THE_PROPHECIES;The Prophecies;;;;;;;;;;;;;x
STAR_SPIRIT;Star Spirit;;;;;;;;;;;;;x
THE_SHINES;The Shines;;;;;;;;;;;;;x
GOD_THE_SHINES;The Shines;;;;;;;;;;;;;x
GOD_THE_SHINE_SPRITES;The Shine Sprites;;;;;;;;;;;;;x
THE_SUPER_HAPPY_TREE;The Super Happy Tree;;;;;;;;;;;;;x
GOD_THE_SUPER_HAPPY_TREE;The Super Happy Tree;;;;;;;;;;;;;x
d_star_spirits;The Seven Stars;;;;;;;;;;;;;x
make_a_wish;Make a wish;;;;;;;;;;;;;x
ztar_a_wish;Invoke a Ztar;;;;;;;;;;;;;x
ztarred_my_wish;Stole my wish;;;;;;;;;;;;;x
robbed_me_blind;Robbed me blind;;;;;;;;;;;;;x
happiness_religion_trait;Happiness;;;;;;;;;;;;;x
WISH;Wishes;;;;;;;;;;;;;x
THE_CATALOGUE;The Catalogue;;;;;;;;;;;;;x
GOD_GREED_SPIRIT;Greed Spirit;;;;;;;;;;;;;x
ENVY;Envy;;;;;;;;;;;;;x
greed_religion_trait;Greed;;;;;;;;;;;;;x
greed;Greed;;;;;;;;;;;;;x
STAT_PIETY_WISH;Wishes;;;;;;;;;;;;;x
STAT_PIETY_ENVY;Envy;;;;;;;;;;;;;x
STAT_PIETY_LUCK;Luck;;;;;;;;;;;;;x
STAT_PIETY_STRENGTH;Strength;;;;;;;;;;;;;x
STAT_PIETY_VIM;Vim;;;;;;;;;;;;;x
d_greed_spirit;The Greed Spirit;;;;;;;;;;;;;x
GREED_SPIRIT;The Greed Spirit;;;;;;;;;;;;;x
steal_from_liege;Steal from liege;;;;;;;;;;;;;x
steal;Your liege will be robbed;;;;;;;;;;;;;x
THE_CASINO;The Casino;;;;;;;;;;;;;x
PIT_BOSS;Pit Boss;;;;;;;;;;;;;x
GOD_GAMBLER;The Gambler;;;;;;;;;;;;;x
LUCK;Luck;;;;;;;;;;;;;x
STRENGTH;Strength;;;;;;;;;;;;;x
gambling;Gambling;;;;;;;;;;;;;x
GAMBLING_MASTER;Gambling Master;;;;;;;;;;;;;x
d_gambling;The Casino Master;;;;;;;;;;;;;x
small_lucky;Lucky;;;;;;;;;;;;;x
unlucky;Unlucky;;;;;;;;;;;;;x
mid_lucky;Lucky;;;;;;;;;;;;;x
very_lucky;Lucky;;;;;;;;;;;;;x
gamble_decision;Gamble;;;;;;;;;;;;;x
THE_BOSS;The Boss;;;;;;;;;;;;;x
SOLDIER;Soldier;;;;;;;;;;;;;x
GOD_BOWSER;Bowser;;;;;;;;;;;;;x
KING_BOWSER;Great King;;;;;;;;;;;;;x
d_cult_of_bowser;The Cult of Bowser;;;;;;;;;;;;;x
d_cult_of_smithy;The Cult of Smithy;;;;;;;;;;;;;x
bowser_invasion;Invasion;;;;;;;;;;;;;x
lunatheology;Lunatheology;;;;;;;;;;;;;x
THE_LUNAR;The Book of the Moon;;;;;;;;;;;;;x
GOD_LUNAR;The Moon;;;;;;;;;;;;;x
GOD_LUNAR2;Luna;;;;;;;;;;;;;x
GOD_LUNAR3;Selene;;;;;;;;;;;;;x
d_twilight_towner;Twilit Papacy;;;;;;;;;;;;;x
twilight_towner;Twilight Towner;;;;;;;;;;;;;x
GOD_SMITHY;Smithy;;;;;;;;;;;;;x
smithy_religion;Smithy;;;;;;;;;;;;;x
KING_SMITHY;The Great Smith;;;;;;;;;;;;;x
extraterrestrial;Extraterrestrial;;;;;;;;;;;;;x
shroob;Shroob;;;;;;;;;;;;;x
THE_SHROOK;The Good Shrook;;;;;;;;;;;;;x
SHRIEST;Shriest;;;;;;;;;;;;;x
GOD_FIRST_SHROOB;The First Shroob;;;;;;;;;;;;;x
VIM;Vim;;;;;;;;;;;;;x
KING_COMMANDER;Shroob Commander;;;;;;;;;;;;;x
d_shroob;The Shroob High Command;;;;;;;;;;;;;x
fuck_shit_up;Make a mess;;;;;;;;;;;;;x


#Religious descriptions
seven_stars_DESC;The Faith of the Seven Stars revolves around the Seven Star Spirits that reside in Star Haven. Defining features in-game:\n§Y*§! Secular lords may rule over temple holdings\n§Y*§! Seven Star Worshippers can make wishes to the Star Spirits\n§Y*§! Female Seven Star Worshippers are viewed equally to males\n§Y*§! The Seven Stars reward moral behaviour and punish immoral behaviour amongst their followers;;;;;;;;;;;;;x
ztar_faith_DESC;The Ztar Faith revolves around the worship of the dark power of anti-stars known as Ztars.  While Stars are known to grant wishes, Ztars take them away. Defining features in-game:\n§Y*§! Secular lords may rule over temple holdings\n§Y*§! Ztar Worshippers can take away the wishes of Star worshippers\n§Y*§! Female Ztar Worshippers are viewed equally to males;;;;;;;;;;;;;x
dark_star_faith_DESC;The Dark Star Faith is an apocalyptic religion that seeks to restore the Dark Star. Defining features in-game:\n§Y*§! Secular lords may rule over temple holdings\n§Y*§! Dark Star Worshippers can restore the Dark Star and plunge the world into eternal darkness\n§Y*§! Female Dark Star Worshippers are viewed equally to males\n§Y*§! Once the Dark Star is restored it can grant its followers great boons in the fight against the light\n§Y*§! The Dark Star will bring about the apocalypse;;;;;;;;;;;;;x
shine_sprites_DESC;The Shine Sprite Faith centres around the Shine Sprites, beings related to star spirits, but who walk the earth and provide energy to those that they favour. Defining features in-game:\n§Y*§! Secular lords may rule over temple holdings\n§Y*§! Shine Sprite worship has no heresies\n§Y*§! Female Shine Sprite Worshippers are viewed equally to males\n§Y*§! Shine Sprites provide their followers with a steady stream of energy in the form of wealth;;;;;;;;;;;;;x
happiness_DESC;Happiness is a religion that focuses on the pursuit and celebration of happiness. Defining features in-game:\n§Y*§! Secular lords may rule over temple holdings\n§Y*§! Happiness has no heresies\n§Y*§! Characters of the Happiness faith cannot call Holy Wars, or be the target of Holy Wars \n§Y*§! Characters of the happiness faith are well-liked ;;;;;;;;;;;;;x
greed_DESC;Greed is the vice of never being content with one's property or status, and a constant, consuming urge to increase one's status. It is one of the most notorious misdeeds amongst Mushroom Planet denizens as well as the most common. Characters adhering to Greed simply refuse to be comfortable with what they have and will take any risk to acquire more possessions. Defining features in-game:\n§Y*§! Secular lords may rule over temple holdings\n§Y*§! Greedy characters receive gold for their envy in yearly intervals\n§Y*§! Female Greedy characters are viewed equally to males\n§Y*§! The Greed Spirit is the religious head of the Greed faith and will periodically rob independent Greedy characters \n§Y*§! The Greed Spirit can be exorcised (destroyed) if a Greedy character controls 4 of the 5 Greed Holy Sites\n§Y*§! Characters that are devoted to Greed make poor vassals, and may attempt to rob their lieges from time to time;;;;;;;;;;;;;x
gambling_DESC;The prevalence of Casinos throughout the world has led to a large population with gambling addictions. Gamblers love to risk their entire life savings in the hopes of one day winning it all. Defining features in-game:\n§Y*§! Secular lords may not rule directly over temple holdings (casinos)\n§Y*§! Gambling characters may gamble as long as they have the money to do so and will be forced to gamble if they abstain too long\n§Y*§! Female Gamblers are viewed equally to males\n§Y*§! The religious head of Gambling is a secular title and may cease to exist \n§Y*§! If the religious head title is held then the holder becomes the 'bank' and will benefit from house odds ;;;;;;;;;;;;;x
bowser_religion_DESC;The Cult of Bowser is one of the most important social movements in the history of the Mushroom Kingdom. Bowser, King of the Koopas, commands the respect and loyalty of legions of desperate devoted followers. Defining features in-game:\n§Y*§! The head of the faith, Bowser, may freely invade any realm as long as he is strong enough \n§Y*§! Secular lords may rule directly over temple holdings \n§Y*§! Female Bowser Cultists are viewed equally to males\n§Y*§! The religious head of the Bowser Cult is a secular title and may cease to exist ;;;;;;;;;;;;;x
smithy_religion_DESC;The Cult of Smithy is the faith of the followers of Smithy, who believe him to be a living god.  Defining features in-game:\n§Y*§! The head of the faith, Smithy, may freely invade any realm as long as he is strong enough \n§Y*§! Secular lords may rule directly over temple holdings \n§Y*§! Female Smithy Cultists are viewed equally to males\n§Y*§! The religious head of the Smithy Cult is a secular title and may cease to exist ;;;;;;;;;;;;;x
twilight_towner_DESC;The religion of the people of Twilight Town is organised into a traditional church structure, and centred around the worship of the source of all life, the Moon. Defining features in-game:\n§Y*§! The Twilit Pope may excommunicate Twilight Towner faithful \n§Y*§! The Twilit Pope may grant divorces \n§Y*§! The Twilit Pope may grant claims and sanction invasions \n§Y*§! Secular lords may not rule directly over temple holdings \n§Y*§! Only males may be priests \n§Y*§! Priests are excluded from the line of succession \n§Y*§! In the secular realm Female Twilight Towners are viewed equally to males \n§Y*§! Even if the Twilit Pope holds no land, the title will exist forever ;;;;;;;;;;;;;x
shroob_DESC;The alien Shroobs brought their alien religion with them when they attacked the Mushroom Kingdom.  Defining features in-game:\n§Y*§! Members of the Shroob faith may freely invade realms \n§Y*§! Secular lords may rule directly over temple holdings \n§Y*§! Female Shroob faithful are viewed equally to males\n§Y*§! The religious head of the Shroob faith is a secular title and may cease to exist ;;;;;;;;;;;;;x
kong_religion_DESC;The religion of the Kongs.  Defining features in-game:\n§Y*§! Members of the Shroob faith may freely invade realms \n§Y*§! Secular lords may rule directly over temple holdings \n§Y*§! Female Shroob faithful are viewed equally to males\n§Y*§! The religious head of the Shroob faith is a secular title and may cease to exist ;;;;;;;;;;;;;x



#Trait descriptions
happiness_religion_trait_desc;This character is a follower of the Happiness faith;;;;;;;;;;;;;x
greed_religion_trait_desc;This character is a follower of the Greed faith;;;;;;;;;;;;;x

#Decision descriptions
fuck_shit_up_desc;Give the Mario Universe religions a try...;;;;;;;;;;;;;x

#Title descriptions

#Decision descriptions
make_a_wish_DESC;Worshippers of the Seven Stars can make wishes, and if they've been good, those wishes may just come true.;;;;;;;;;;;;;x
steal_from_liege_DESC;Characters of the Greed religion may attempt to rob their lieges of valuables.  This is a high-risk endeavour that will likely end in imprisonment.;;;;;;;;;;;;;x
gamble_tooltip;You will have the option to risk it all on a game of chance.;;;;;;;;;;;;;x

#Custom Tooltips
wish_ask;Make a wish to the Star Spirits.  They may grant your wish, they may not.;;;;;;;;;;;;;x
grant_wish;This wish shall be granted.;;;;;;;;;;;;;x
deny_wish;The wish shall go unanswered.;;;;;;;;;;;;;x
wish_ztar;Weaken the power of the Star Spirits and deny one of their faithful a wish.;;;;;;;;;;;;;x